relative_path,parent,extension,size_bytes
data/extracted/level_1/patient_image_000001_07f48740.jpg,data/extracted/level_1,jpg,642433
data/extracted/level_1/patient_image_000005_89a2810f.jpg,data/extracted/level_1,jpg,551369
data/extracted/level_1/patient_image_000006_4aa37c68.jpg,data/extracted/level_1,jpg,425805
data/extracted/level_1/patient_image_000010_5ed86d8c.jpg,data/extracted/level_1,jpg,562140
data/extracted/level_1/patient_image_000011_f63684cb.jpg,data/extracted/level_1,jpg,448598
data/extracted/level_1/patient_image_000014_5e758ad3.jpg,data/extracted/level_1,jpg,492130
data/extracted/level_1/patient_image_000015_17fab6ee.jpg,data/extracted/level_1,jpg,543082
data/extracted/level_1/patient_image_000020_353539ca.jpg,data/extracted/level_1,jpg,459224
data/extracted/level_1/patient_image_000022_4eb9fa52.jpg,data/extracted/level_1,jpg,392115
data/extracted/level_1/patient_image_000041_3419cc4a.jpg,data/extracted/level_1,jpg,431570
data/extracted/level_1/patient_image_000042_d3a22881.jpg,data/extracted/level_1,jpg,564226
data/extracted/level_1/patient_image_000043_7dfff7e3.jpg,data/extracted/level_1,jpg,521727
data/extracted/level_1/patient_image_000049_157393ab.jpg,data/extracted/level_1,jpg,518413
data/extracted/level_1/patient_image_000054_83210bea.jpg,data/extracted/level_1,jpg,491170
data/extracted/level_1/patient_image_000055_084cf9be.jpg,data/extracted/level_1,jpg,494051
data/extracted/level_1/patient_image_000056_f606ecd4.jpg,data/extracted/level_1,jpg,450630
data/extracted/level_1/patient_image_000057_5e79eb68.jpg,data/extracted/level_1,jpg,377944
data/extracted/level_1/patient_image_000061_2d347679.jpg,data/extracted/level_1,jpg,467933
data/extracted/level_1/patient_image_000064_5e3832ed.jpg,data/extracted/level_1,jpg,619688
data/extracted/level_1/patient_image_000065_f269e0d0.jpg,data/extracted/level_1,jpg,610150
data/extracted/level_1/patient_image_000070_5c483f70.jpg,data/extracted/level_1,jpg,588028
data/extracted/level_1/patient_image_000075_3ce079b5.jpg,data/extracted/level_1,jpg,555660
data/extracted/level_1/patient_image_000076_bfd1d96f.jpg,data/extracted/level_1,jpg,511977
data/extracted/level_1/patient_image_000087_ed410d35.jpg,data/extracted/level_1,jpg,486219
data/extracted/level_1/patient_image_000095_72dd2f18.jpg,data/extracted/level_1,jpg,496973
data/extracted/level_1/patient_image_000105_1b343ea2.jpg,data/extracted/level_1,jpg,457154
data/extracted/level_1/patient_image_000106_c185522d.jpg,data/extracted/level_1,jpg,475418
data/extracted/level_1/patient_image_000110_d2b43f3e.jpg,data/extracted/level_1,jpg,581669
data/extracted/level_1/patient_image_000116_83ae40ec.jpg,data/extracted/level_1,jpg,468157
data/extracted/level_1/patient_image_000148_f7015263.jpg,data/extracted/level_1,jpg,524198
data/extracted/level_1/patient_image_000152_2fac999b.jpg,data/extracted/level_1,jpg,365151
data/extracted/level_1/patient_image_000154_72770c6b.jpg,data/extracted/level_1,jpg,347459
data/extracted/level_1/patient_image_000157_47aabf62.jpg,data/extracted/level_1,jpg,692899
data/extracted/level_1/patient_image_000158_1a300db2.jpg,data/extracted/level_1,jpg,589655
data/extracted/level_1/patient_image_000166_d03ae694.jpg,data/extracted/level_1,jpg,435005
data/extracted/level_1/patient_image_000169_5b675efb.jpg,data/extracted/level_1,jpg,636256
data/extracted/level_1/patient_image_000175_ee6df398.jpg,data/extracted/level_1,jpg,455744
data/extracted/level_1/patient_image_000177_95a9a504.jpg,data/extracted/level_1,jpg,463961
data/extracted/level_1/patient_image_000186_7c3fbae5.jpg,data/extracted/level_1,jpg,600350
data/extracted/level_1/patient_image_000192_ff419a8a.jpg,data/extracted/level_1,jpg,507532
data/extracted/level_1/patient_image_000194_fde52b01.jpg,data/extracted/level_1,jpg,605356
data/extracted/level_1/patient_image_000195_99b7c83c.jpg,data/extracted/level_1,jpg,359401
data/extracted/level_1/patient_image_000226_e281f557.jpg,data/extracted/level_1,jpg,464006
data/extracted/level_1/patient_image_000227_55be1c29.jpg,data/extracted/level_1,jpg,545615
data/extracted/level_1/patient_image_000444_4592f458.jpg,data/extracted/level_1,jpg,441213
data/extracted/level_1/patient_image_000461_9ba7f723.jpg,data/extracted/level_1,jpg,558941
data/extracted/level_1/patient_image_000465_983a2516.jpg,data/extracted/level_1,jpg,612450
data/extracted/level_1/patient_image_000500_de8912d8.jpg,data/extracted/level_1,jpg,358299
data/extracted/level_1/patient_image_000504_3c7f34ec.jpg,data/extracted/level_1,jpg,472451
data/extracted/level_1/patient_image_000505_dc092d23.jpg,data/extracted/level_1,jpg,439344
data/extracted/level_1/patient_image_000506_72f20d08.jpg,data/extracted/level_1,jpg,546762
data/extracted/level_1/patient_image_000507_a221a13c.jpg,data/extracted/level_1,jpg,502429
data/extracted/level_1/patient_image_000508_f7a15f6f.jpg,data/extracted/level_1,jpg,566578
data/extracted/level_1/patient_image_000511_9eb4c057.jpg,data/extracted/level_1,jpg,480394
data/extracted/level_1/patient_image_000512_3394ba22.jpg,data/extracted/level_1,jpg,509248
data/extracted/level_1/patient_image_000513_5c47cd25.jpg,data/extracted/level_1,jpg,465288
data/extracted/level_1/patient_image_000514_06f1ec85.jpg,data/extracted/level_1,jpg,459132
data/extracted/level_1/patient_image_000515_62943aaa.jpg,data/extracted/level_1,jpg,492040
data/extracted/level_1/patient_image_000516_912d996b.jpg,data/extracted/level_1,jpg,469114
data/extracted/level_1/patient_image_000517_8727624b.jpg,data/extracted/level_1,jpg,522457
data/extracted/level_1/patient_image_000519_099c1627.jpg,data/extracted/level_1,jpg,497872
data/extracted/level_1/patient_image_000520_7753c29b.jpg,data/extracted/level_1,jpg,451422
data/extracted/level_1/patient_image_000521_17a61742.jpg,data/extracted/level_1,jpg,538984
data/extracted/level_1/patient_image_000522_1d00aca9.jpg,data/extracted/level_1,jpg,508748
data/extracted/level_1/patient_image_000523_b1f5b10f.jpg,data/extracted/level_1,jpg,485700
data/extracted/level_1/patient_image_000524_16efeae5.jpg,data/extracted/level_1,jpg,472444
data/extracted/level_1/patient_image_000526_401bc35c.jpg,data/extracted/level_1,jpg,464713
data/extracted/level_1/patient_image_000528_55eaf23d.jpg,data/extracted/level_1,jpg,449879
data/extracted/level_1/patient_image_000529_dc5b599e.jpg,data/extracted/level_1,jpg,451991
data/extracted/level_1/patient_image_000530_fdc9b991.jpg,data/extracted/level_1,jpg,547186
data/extracted/level_1/patient_image_000531_cd6d4f9c.jpg,data/extracted/level_1,jpg,499845
data/extracted/level_1/patient_image_000532_af62c840.jpg,data/extracted/level_1,jpg,632011
data/extracted/level_1/patient_image_000533_91bc5b53.jpg,data/extracted/level_1,jpg,522631
data/extracted/level_1/patient_image_000534_005e53f2.jpg,data/extracted/level_1,jpg,484631
data/extracted/level_1/patient_image_000535_44b5a8c9.jpg,data/extracted/level_1,jpg,447360
data/extracted/level_1/patient_image_000536_f7e8a5a5.jpg,data/extracted/level_1,jpg,610708
data/extracted/level_1/patient_image_000537_fe1e9818.jpg,data/extracted/level_1,jpg,419662
data/extracted/level_1/patient_image_000538_48d00143.jpg,data/extracted/level_1,jpg,500272
data/extracted/level_1/patient_image_000540_f3a19119.jpg,data/extracted/level_1,jpg,549010
data/extracted/level_1/patient_image_000542_0180d986.jpg,data/extracted/level_1,jpg,483917
data/extracted/level_1/patient_image_000546_cca0b6a6.jpg,data/extracted/level_1,jpg,420392
data/extracted/level_1/patient_image_000548_ee055987.jpg,data/extracted/level_1,jpg,606909
data/extracted/level_1/patient_image_000550_490d2eea.jpg,data/extracted/level_1,jpg,494499
data/extracted/level_1/patient_image_000551_53b8f0cc.jpg,data/extracted/level_1,jpg,513011
data/extracted/level_1/patient_image_000554_de5f4e2a.jpg,data/extracted/level_1,jpg,479389
data/extracted/level_1/patient_image_000555_565ba784.jpg,data/extracted/level_1,jpg,529979
data/extracted/level_1/patient_image_000557_ef03aa7a.jpg,data/extracted/level_1,jpg,465901
data/extracted/level_1/patient_image_000558_fdcf2492.jpg,data/extracted/level_1,jpg,587129
data/extracted/level_1/patient_image_000559_a0f01261.jpg,data/extracted/level_1,jpg,515276
data/extracted/level_1/patient_image_000562_a3567674.jpg,data/extracted/level_1,jpg,541187
data/extracted/level_1/patient_image_000564_9f752e56.jpg,data/extracted/level_1,jpg,541486
data/extracted/level_1/patient_image_000565_563d2976.jpg,data/extracted/level_1,jpg,472786
data/extracted/level_1/patient_image_000569_1acf7257.jpg,data/extracted/level_1,jpg,427328
data/extracted/level_1/patient_image_000570_3514f729.jpg,data/extracted/level_1,jpg,446659
data/extracted/level_1/patient_image_000571_5c273975.jpg,data/extracted/level_1,jpg,451446
data/extracted/level_1/patient_image_000572_6d137e21.jpg,data/extracted/level_1,jpg,437173
data/extracted/level_1/patient_image_000575_2b2e4cc4.jpg,data/extracted/level_1,jpg,506880
data/extracted/level_1/patient_image_000577_bc5aace6.jpg,data/extracted/level_1,jpg,495032
data/extracted/level_1/patient_image_000578_8fab947f.jpg,data/extracted/level_1,jpg,468137
data/extracted/level_1/patient_image_000580_fb58b578.jpg,data/extracted/level_1,jpg,491297
data/extracted/level_1/patient_image_000581_e6a68c10.jpg,data/extracted/level_1,jpg,500151
data/extracted/level_1/patient_image_000582_492951ef.jpg,data/extracted/level_1,jpg,627771
data/extracted/level_1/patient_image_000585_bdca74e0.jpg,data/extracted/level_1,jpg,460229
data/extracted/level_1/patient_image_000587_cea1c4ba.jpg,data/extracted/level_1,jpg,553789
data/extracted/level_1/patient_image_000589_28416cf6.jpg,data/extracted/level_1,jpg,506864
data/extracted/level_1/patient_image_000592_b37ad52e.jpg,data/extracted/level_1,jpg,540258
data/extracted/level_1/patient_image_000593_14b206e2.jpg,data/extracted/level_1,jpg,519783
data/extracted/level_1/patient_image_000600_c839e11e.jpg,data/extracted/level_1,jpg,487203
data/extracted/level_1/patient_image_000602_2b495970.jpg,data/extracted/level_1,jpg,480819
data/extracted/level_1/patient_image_000603_ceccbfb6.jpg,data/extracted/level_1,jpg,484654
data/extracted/level_1/patient_image_000605_1246abbb.jpg,data/extracted/level_1,jpg,513966
data/extracted/level_1/patient_image_000608_32c07746.jpg,data/extracted/level_1,jpg,460113
data/extracted/level_1/patient_image_000610_ee46a35a.jpg,data/extracted/level_1,jpg,520022
data/extracted/level_1/patient_image_000612_dfaa6d06.jpg,data/extracted/level_1,jpg,758039
data/extracted/level_1/patient_image_000613_020562fc.jpg,data/extracted/level_1,jpg,487462
data/extracted/level_1/patient_image_000614_f2439032.jpg,data/extracted/level_1,jpg,479142
data/extracted/level_1/patient_image_000615_e0ec9749.jpg,data/extracted/level_1,jpg,502238
data/extracted/level_1/patient_image_000616_37f0bf15.jpg,data/extracted/level_1,jpg,533203
data/extracted/level_1/patient_image_000617_3cde53b6.jpg,data/extracted/level_1,jpg,661872
data/extracted/level_1/patient_image_000618_96b0588c.jpg,data/extracted/level_1,jpg,447940
data/extracted/level_1/patient_image_000620_e9c656ad.jpg,data/extracted/level_1,jpg,478139
data/extracted/level_1/patient_image_000622_070cc0b5.jpg,data/extracted/level_1,jpg,609217
data/extracted/level_1/patient_image_000628_c2a12bc1.jpg,data/extracted/level_1,jpg,606989
data/extracted/level_1/patient_image_000630_c4a6d96b.jpg,data/extracted/level_1,jpg,519540
data/extracted/level_1/patient_image_000632_e4c45dbd.jpg,data/extracted/level_1,jpg,491278
data/extracted/level_1/patient_image_000633_8794676f.jpg,data/extracted/level_1,jpg,527369
data/extracted/level_1/patient_image_000637_f11f3ab0.jpg,data/extracted/level_1,jpg,452727
data/extracted/level_1/patient_image_000638_8c410f94.jpg,data/extracted/level_1,jpg,458649
data/extracted/level_1/patient_image_000640_5666cfc5.jpg,data/extracted/level_1,jpg,541864
data/extracted/level_1/patient_image_000645_9c4dcbff.jpg,data/extracted/level_1,jpg,485532
data/extracted/level_1/patient_image_000647_262f9013.jpg,data/extracted/level_1,jpg,449460
data/extracted/level_1/patient_image_000651_4dc31d8d.jpg,data/extracted/level_1,jpg,516002
data/extracted/level_1/patient_image_000657_e471eef1.jpg,data/extracted/level_1,jpg,490055
data/extracted/level_1/patient_image_000658_f79dd5c7.jpg,data/extracted/level_1,jpg,471113
data/extracted/level_1/patient_image_000662_d6cdb3d8.jpg,data/extracted/level_1,jpg,497047
data/extracted/level_1/patient_image_000663_faa17871.jpg,data/extracted/level_1,jpg,606573
data/extracted/level_1/patient_image_000666_675dce47.jpg,data/extracted/level_1,jpg,490234
data/extracted/level_1/patient_image_000667_dfa0686b.jpg,data/extracted/level_1,jpg,483677
data/extracted/level_1/patient_image_000672_cffddbca.jpg,data/extracted/level_1,jpg,475497
data/extracted/level_1/patient_image_000673_38bfe5d5.jpg,data/extracted/level_1,jpg,568363
data/extracted/level_1/patient_image_000674_59a55935.jpg,data/extracted/level_1,jpg,538206
data/extracted/level_1/patient_image_000676_2be85690.jpg,data/extracted/level_1,jpg,489210
data/extracted/level_1/patient_image_000682_2c28be4a.jpg,data/extracted/level_1,jpg,545894
data/extracted/level_1/patient_image_000686_fd5f5f8e.jpg,data/extracted/level_1,jpg,514369
data/extracted/level_1/patient_image_000699_c177b5d0.jpg,data/extracted/level_1,jpg,554797
data/extracted/level_1/patient_image_000703_b50c05bd.jpg,data/extracted/level_1,jpg,572681
data/extracted/level_1/patient_image_000707_57dded03.jpg,data/extracted/level_1,jpg,522997
data/extracted/level_1/patient_image_000709_c49f5de7.jpg,data/extracted/level_1,jpg,549942
data/extracted/level_1/patient_image_000716_5aeb574b.jpg,data/extracted/level_1,jpg,517399
data/extracted/level_1/patient_image_000723_95b5e27c.jpg,data/extracted/level_1,jpg,528950
data/extracted/level_1/patient_image_000731_0c941f5d.jpg,data/extracted/level_1,jpg,530102
data/extracted/level_1/patient_image_000743_18258df1.jpg,data/extracted/level_1,jpg,481818
data/extracted/level_1/patient_image_000757_477335d5.jpg,data/extracted/level_1,jpg,453064
data/extracted/level_1/patient_image_000759_e1218872.jpg,data/extracted/level_1,jpg,562441
data/extracted/level_1/patient_image_000770_7375fe3e.jpg,data/extracted/level_1,jpg,541882
data/extracted/level_1/patient_image_000775_656a6578.jpg,data/extracted/level_1,jpg,443354
data/extracted/level_1/patient_image_000778_ddc2800e.jpg,data/extracted/level_1,jpg,457085
data/extracted/level_1/patient_image_000779_3e8dcf4c.jpg,data/extracted/level_1,jpg,534750
data/extracted/level_1/patient_image_000787_cbf5e397.jpg,data/extracted/level_1,jpg,500852
data/extracted/level_1/patient_image_000789_7be9cfb3.jpg,data/extracted/level_1,jpg,507177
data/extracted/level_1/patient_image_000797_d21f4490.jpg,data/extracted/level_1,jpg,736914
data/extracted/level_1/patient_image_000803_09145696.jpg,data/extracted/level_1,jpg,507789
data/extracted/level_1/patient_image_000819_3da46232.jpg,data/extracted/level_1,jpg,463967
data/extracted/level_1/patient_image_000828_fafe0387.jpg,data/extracted/level_1,jpg,489234
data/extracted/level_1/patient_image_000845_a53d6d29.jpg,data/extracted/level_1,jpg,598356
data/extracted/level_1/patient_image_000861_aabc76f1.jpg,data/extracted/level_1,jpg,535787
data/extracted/level_1/patient_image_000898_413e81cb.jpg,data/extracted/level_1,jpg,526567
data/extracted/level_1/patient_image_000900_1f174f64.jpg,data/extracted/level_1,jpg,497442
data/extracted/level_1/patient_image_000974_e48a0909.jpg,data/extracted/level_1,jpg,489316
data/extracted/level_1/patient_image_000985_4d559869.jpg,data/extracted/level_1,jpg,516303
data/extracted/level_2/patient_image_000004_ba49da4c.jpg,data/extracted/level_2,jpg,519264
data/extracted/level_2/patient_image_000008_fdfc183f.jpg,data/extracted/level_2,jpg,421175
data/extracted/level_2/patient_image_000009_ea22106e.jpg,data/extracted/level_2,jpg,447169
data/extracted/level_2/patient_image_000012_86f50079.jpg,data/extracted/level_2,jpg,469830
data/extracted/level_2/patient_image_000016_ab713879.jpg,data/extracted/level_2,jpg,480720
data/extracted/level_2/patient_image_000017_ca4081d6.jpg,data/extracted/level_2,jpg,455878
data/extracted/level_2/patient_image_000018_38bd4f5d.jpg,data/extracted/level_2,jpg,475616
data/extracted/level_2/patient_image_000045_0bb8bfd1.jpg,data/extracted/level_2,jpg,446858
data/extracted/level_2/patient_image_000048_8f55577f.jpg,data/extracted/level_2,jpg,438903
data/extracted/level_2/patient_image_000051_004f2f5d.jpg,data/extracted/level_2,jpg,482222
data/extracted/level_2/patient_image_000052_bb58bec5.jpg,data/extracted/level_2,jpg,584397
data/extracted/level_2/patient_image_000058_0d2690d1.jpg,data/extracted/level_2,jpg,510523
data/extracted/level_2/patient_image_000066_d46c9785.jpg,data/extracted/level_2,jpg,414604
data/extracted/level_2/patient_image_000067_0aab16a7.jpg,data/extracted/level_2,jpg,434769
data/extracted/level_2/patient_image_000068_ba92024d.jpg,data/extracted/level_2,jpg,440659
data/extracted/level_2/patient_image_000072_24a7ca89.jpg,data/extracted/level_2,jpg,405415
data/extracted/level_2/patient_image_000078_888484a1.jpg,data/extracted/level_2,jpg,526288
data/extracted/level_2/patient_image_000079_466ed8fb.jpg,data/extracted/level_2,jpg,426260
data/extracted/level_2/patient_image_000083_69520d04.jpg,data/extracted/level_2,jpg,461360
data/extracted/level_2/patient_image_000084_e135816e.jpg,data/extracted/level_2,jpg,575172
data/extracted/level_2/patient_image_000085_23bbfd21.jpg,data/extracted/level_2,jpg,488185
data/extracted/level_2/patient_image_000086_d4dee6ca.jpg,data/extracted/level_2,jpg,741571
data/extracted/level_2/patient_image_000090_296273f5.jpg,data/extracted/level_2,jpg,519401
data/extracted/level_2/patient_image_000091_402cb864.jpg,data/extracted/level_2,jpg,452936
data/extracted/level_2/patient_image_000093_c5658ef3.jpg,data/extracted/level_2,jpg,557157
data/extracted/level_2/patient_image_000094_7b1f8dd3.jpg,data/extracted/level_2,jpg,594428
data/extracted/level_2/patient_image_000097_ca98b862.jpg,data/extracted/level_2,jpg,407327
data/extracted/level_2/patient_image_000098_998fc38b.jpg,data/extracted/level_2,jpg,610948
data/extracted/level_2/patient_image_000099_5a285290.jpg,data/extracted/level_2,jpg,482260
data/extracted/level_2/patient_image_000100_759b168c.jpg,data/extracted/level_2,jpg,583750
data/extracted/level_2/patient_image_000102_faca9771.jpg,data/extracted/level_2,jpg,484365
data/extracted/level_2/patient_image_000103_a4980122.jpg,data/extracted/level_2,jpg,474533
data/extracted/level_2/patient_image_000107_3ad8506d.jpg,data/extracted/level_2,jpg,361923
data/extracted/level_2/patient_image_000111_3f5d902f.jpg,data/extracted/level_2,jpg,481404
data/extracted/level_2/patient_image_000114_531bba93.jpg,data/extracted/level_2,jpg,510509
data/extracted/level_2/patient_image_000117_da187e7e.jpg,data/extracted/level_2,jpg,467221
data/extracted/level_2/patient_image_000118_dddc8ac1.jpg,data/extracted/level_2,jpg,487283
data/extracted/level_2/patient_image_000120_0070a102.jpg,data/extracted/level_2,jpg,441273
data/extracted/level_2/patient_image_000121_c77f2c83.jpg,data/extracted/level_2,jpg,376090
data/extracted/level_2/patient_image_000122_36a9e7b6.jpg,data/extracted/level_2,jpg,469857
data/extracted/level_2/patient_image_000124_33072be7.jpg,data/extracted/level_2,jpg,601518
data/extracted/level_2/patient_image_000125_179d73b8.jpg,data/extracted/level_2,jpg,567981
data/extracted/level_2/patient_image_000126_476f739a.jpg,data/extracted/level_2,jpg,516553
data/extracted/level_2/patient_image_000127_924013a0.jpg,data/extracted/level_2,jpg,358592
data/extracted/level_2/patient_image_000128_955b9373.jpg,data/extracted/level_2,jpg,457455
data/extracted/level_2/patient_image_000129_a876f783.jpg,data/extracted/level_2,jpg,466282
data/extracted/level_2/patient_image_000130_ac295d3a.jpg,data/extracted/level_2,jpg,552164
data/extracted/level_2/patient_image_000132_5034156b.jpg,data/extracted/level_2,jpg,443247
data/extracted/level_2/patient_image_000135_32f01435.jpg,data/extracted/level_2,jpg,443417
data/extracted/level_2/patient_image_000136_13ff14b0.jpg,data/extracted/level_2,jpg,656316
data/extracted/level_2/patient_image_000137_4a92164f.jpg,data/extracted/level_2,jpg,473227
data/extracted/level_2/patient_image_000139_a575ce99.jpg,data/extracted/level_2,jpg,528652
data/extracted/level_2/patient_image_000141_bf14d4a9.jpg,data/extracted/level_2,jpg,606340
data/extracted/level_2/patient_image_000142_8a91e5a8.jpg,data/extracted/level_2,jpg,571683
data/extracted/level_2/patient_image_000149_330df8e6.jpg,data/extracted/level_2,jpg,553097
data/extracted/level_2/patient_image_000150_602e20ca.jpg,data/extracted/level_2,jpg,527913
data/extracted/level_2/patient_image_000151_5b6399fb.jpg,data/extracted/level_2,jpg,646956
data/extracted/level_2/patient_image_000153_9b3a1259.jpg,data/extracted/level_2,jpg,463691
data/extracted/level_2/patient_image_000155_0feacd58.jpg,data/extracted/level_2,jpg,426889
data/extracted/level_2/patient_image_000159_59b14016.jpg,data/extracted/level_2,jpg,353166
data/extracted/level_2/patient_image_000160_6683539a.jpg,data/extracted/level_2,jpg,489555
data/extracted/level_2/patient_image_000161_2c258c0e.jpg,data/extracted/level_2,jpg,472280
data/extracted/level_2/patient_image_000162_e8668d74.jpg,data/extracted/level_2,jpg,510326
data/extracted/level_2/patient_image_000164_d523bc1b.jpg,data/extracted/level_2,jpg,463150
data/extracted/level_2/patient_image_000165_e2aac68a.jpg,data/extracted/level_2,jpg,488347
data/extracted/level_2/patient_image_000167_670b1b48.jpg,data/extracted/level_2,jpg,464335
data/extracted/level_2/patient_image_000168_476709d0.jpg,data/extracted/level_2,jpg,542607
data/extracted/level_2/patient_image_000171_3755b3d8.jpg,data/extracted/level_2,jpg,511720
data/extracted/level_2/patient_image_000172_fed06c65.jpg,data/extracted/level_2,jpg,489803
data/extracted/level_2/patient_image_000173_bdd537f7.jpg,data/extracted/level_2,jpg,523910
data/extracted/level_2/patient_image_000174_d07c1ecc.jpg,data/extracted/level_2,jpg,666416
data/extracted/level_2/patient_image_000176_5bd8841b.jpg,data/extracted/level_2,jpg,500865
data/extracted/level_2/patient_image_000178_589dfb90.jpg,data/extracted/level_2,jpg,452948
data/extracted/level_2/patient_image_000179_8a1c8c22.jpg,data/extracted/level_2,jpg,457648
data/extracted/level_2/patient_image_000180_37c4646e.jpg,data/extracted/level_2,jpg,482485
data/extracted/level_2/patient_image_000182_c4b93c62.jpg,data/extracted/level_2,jpg,419407
data/extracted/level_2/patient_image_000185_7612c8a3.jpg,data/extracted/level_2,jpg,681479
data/extracted/level_2/patient_image_000187_3a99cef5.jpg,data/extracted/level_2,jpg,551814
data/extracted/level_2/patient_image_000188_a18e833b.jpg,data/extracted/level_2,jpg,359549
data/extracted/level_2/patient_image_000190_371b9288.jpg,data/extracted/level_2,jpg,460397
data/extracted/level_2/patient_image_000193_846072ee.jpg,data/extracted/level_2,jpg,437946
data/extracted/level_2/patient_image_000196_8989b7dd.jpg,data/extracted/level_2,jpg,500565
data/extracted/level_2/patient_image_000197_82c160be.jpg,data/extracted/level_2,jpg,597033
data/extracted/level_2/patient_image_000198_3ae3120f.jpg,data/extracted/level_2,jpg,568240
data/extracted/level_2/patient_image_000199_9a8179b4.jpg,data/extracted/level_2,jpg,499099
data/extracted/level_2/patient_image_000202_4e744692.jpg,data/extracted/level_2,jpg,577954
data/extracted/level_2/patient_image_000203_71f4669d.jpg,data/extracted/level_2,jpg,567576
data/extracted/level_2/patient_image_000206_872ca56e.jpg,data/extracted/level_2,jpg,463587
data/extracted/level_2/patient_image_000207_83423773.jpg,data/extracted/level_2,jpg,457661
data/extracted/level_2/patient_image_000209_8863e974.jpg,data/extracted/level_2,jpg,552713
data/extracted/level_2/patient_image_000210_3357c2d7.jpg,data/extracted/level_2,jpg,516570
data/extracted/level_2/patient_image_000211_60d9b3f8.jpg,data/extracted/level_2,jpg,506030
data/extracted/level_2/patient_image_000212_a5293eb5.jpg,data/extracted/level_2,jpg,630356
data/extracted/level_2/patient_image_000213_93d7e0f0.jpg,data/extracted/level_2,jpg,592948
data/extracted/level_2/patient_image_000214_ea26e5ea.jpg,data/extracted/level_2,jpg,627773
data/extracted/level_2/patient_image_000215_77fd33bd.jpg,data/extracted/level_2,jpg,476123
data/extracted/level_2/patient_image_000216_cc3ec1c0.jpg,data/extracted/level_2,jpg,667736
data/extracted/level_2/patient_image_000217_60a9142d.jpg,data/extracted/level_2,jpg,465918
data/extracted/level_2/patient_image_000218_9c50babc.jpg,data/extracted/level_2,jpg,458998
data/extracted/level_2/patient_image_000219_9770f2b9.jpg,data/extracted/level_2,jpg,526511
data/extracted/level_2/patient_image_000220_1fc8f48e.jpg,data/extracted/level_2,jpg,686064
data/extracted/level_2/patient_image_000221_e7d95fd5.jpg,data/extracted/level_2,jpg,483635
data/extracted/level_2/patient_image_000222_159b7de2.jpg,data/extracted/level_2,jpg,489586
data/extracted/level_2/patient_image_000223_4ebeaf32.jpg,data/extracted/level_2,jpg,482680
data/extracted/level_2/patient_image_000225_f73fd9c3.jpg,data/extracted/level_2,jpg,639534
data/extracted/level_2/patient_image_000228_5a0ce58e.jpg,data/extracted/level_2,jpg,682789
data/extracted/level_2/patient_image_000229_2b0fefdd.jpg,data/extracted/level_2,jpg,519199
data/extracted/level_2/patient_image_000231_40fdec91.jpg,data/extracted/level_2,jpg,428852
data/extracted/level_2/patient_image_000233_7ead2232.jpg,data/extracted/level_2,jpg,358162
data/extracted/level_2/patient_image_000234_b8b952f4.jpg,data/extracted/level_2,jpg,466293
data/extracted/level_2/patient_image_000235_8db22773.jpg,data/extracted/level_2,jpg,654109
data/extracted/level_2/patient_image_000236_7889c27a.jpg,data/extracted/level_2,jpg,568113
data/extracted/level_2/patient_image_000238_80d8ba1c.jpg,data/extracted/level_2,jpg,490633
data/extracted/level_2/patient_image_000239_4735ff8e.jpg,data/extracted/level_2,jpg,545020
data/extracted/level_2/patient_image_000240_a69cb320.jpg,data/extracted/level_2,jpg,370901
data/extracted/level_2/patient_image_000245_706582cc.jpg,data/extracted/level_2,jpg,475469
data/extracted/level_2/patient_image_000246_944095f6.jpg,data/extracted/level_2,jpg,514350
data/extracted/level_2/patient_image_000247_f89a6d0e.jpg,data/extracted/level_2,jpg,504700
data/extracted/level_2/patient_image_000248_43ee171f.jpg,data/extracted/level_2,jpg,440474
data/extracted/level_2/patient_image_000249_e95ef28e.jpg,data/extracted/level_2,jpg,429540
data/extracted/level_2/patient_image_000250_3155741c.jpg,data/extracted/level_2,jpg,470051
data/extracted/level_2/patient_image_000251_9a6c936d.jpg,data/extracted/level_2,jpg,551008
data/extracted/level_2/patient_image_000252_d3ec3446.jpg,data/extracted/level_2,jpg,500695
data/extracted/level_2/patient_image_000253_a9b3e1fd.jpg,data/extracted/level_2,jpg,635096
data/extracted/level_2/patient_image_000254_540b96da.jpg,data/extracted/level_2,jpg,451573
data/extracted/level_2/patient_image_000256_21bccf92.jpg,data/extracted/level_2,jpg,524870
data/extracted/level_2/patient_image_000258_a183ff3d.jpg,data/extracted/level_2,jpg,502688
data/extracted/level_2/patient_image_000259_3ec141ee.jpg,data/extracted/level_2,jpg,375941
data/extracted/level_2/patient_image_000260_3a2e7767.jpg,data/extracted/level_2,jpg,387889
data/extracted/level_2/patient_image_000266_095cc35f.jpg,data/extracted/level_2,jpg,463250
data/extracted/level_2/patient_image_000267_1cfc5a2c.jpg,data/extracted/level_2,jpg,559149
data/extracted/level_2/patient_image_000268_1ebfd026.jpg,data/extracted/level_2,jpg,497197
data/extracted/level_2/patient_image_000270_b8e4c66b.jpg,data/extracted/level_2,jpg,556323
data/extracted/level_2/patient_image_000272_139c54f3.jpg,data/extracted/level_2,jpg,369886
data/extracted/level_2/patient_image_000273_1ae96b1a.jpg,data/extracted/level_2,jpg,615917
data/extracted/level_2/patient_image_000274_7e795166.jpg,data/extracted/level_2,jpg,485293
data/extracted/level_2/patient_image_000276_1016ea11.jpg,data/extracted/level_2,jpg,455543
data/extracted/level_2/patient_image_000277_b34d42a3.jpg,data/extracted/level_2,jpg,588348
data/extracted/level_2/patient_image_000279_ba5256ba.jpg,data/extracted/level_2,jpg,483841
data/extracted/level_2/patient_image_000280_3bf91b05.jpg,data/extracted/level_2,jpg,498525
data/extracted/level_2/patient_image_000282_227457dd.jpg,data/extracted/level_2,jpg,528796
data/extracted/level_2/patient_image_000283_51ed5d16.jpg,data/extracted/level_2,jpg,596460
data/extracted/level_2/patient_image_000285_5b563bf0.jpg,data/extracted/level_2,jpg,389743
data/extracted/level_2/patient_image_000286_083cb465.jpg,data/extracted/level_2,jpg,587471
data/extracted/level_2/patient_image_000288_0677c108.jpg,data/extracted/level_2,jpg,394072
data/extracted/level_2/patient_image_000289_03c1de08.jpg,data/extracted/level_2,jpg,580787
data/extracted/level_2/patient_image_000290_e2c5528b.jpg,data/extracted/level_2,jpg,417230
data/extracted/level_2/patient_image_000291_c574c48e.jpg,data/extracted/level_2,jpg,463673
data/extracted/level_2/patient_image_000292_c286f867.jpg,data/extracted/level_2,jpg,490933
data/extracted/level_2/patient_image_000293_c43ad7c2.jpg,data/extracted/level_2,jpg,429194
data/extracted/level_2/patient_image_000296_ed406614.jpg,data/extracted/level_2,jpg,464789
data/extracted/level_2/patient_image_000297_b08a4fab.jpg,data/extracted/level_2,jpg,539178
data/extracted/level_2/patient_image_000298_177b7f04.jpg,data/extracted/level_2,jpg,442548
data/extracted/level_2/patient_image_000299_0081b06c.jpg,data/extracted/level_2,jpg,478317
data/extracted/level_2/patient_image_000301_f014d2ea.jpg,data/extracted/level_2,jpg,448313
data/extracted/level_2/patient_image_000302_b4bb1333.jpg,data/extracted/level_2,jpg,430116
data/extracted/level_2/patient_image_000303_356953ef.jpg,data/extracted/level_2,jpg,508726
data/extracted/level_2/patient_image_000308_7b1e9629.jpg,data/extracted/level_2,jpg,540003
data/extracted/level_2/patient_image_000309_077fbe7a.jpg,data/extracted/level_2,jpg,486190
data/extracted/level_2/patient_image_000310_8f919521.jpg,data/extracted/level_2,jpg,515402
data/extracted/level_2/patient_image_000311_f6e9d930.jpg,data/extracted/level_2,jpg,631921
data/extracted/level_2/patient_image_000312_c2c8c3dc.jpg,data/extracted/level_2,jpg,740672
data/extracted/level_2/patient_image_000313_3503b411.jpg,data/extracted/level_2,jpg,606000
data/extracted/level_2/patient_image_000314_68da0c82.jpg,data/extracted/level_2,jpg,436888
data/extracted/level_2/patient_image_000315_381896f8.jpg,data/extracted/level_2,jpg,447086
data/extracted/level_2/patient_image_000316_e5edcd41.jpg,data/extracted/level_2,jpg,531939
data/extracted/level_2/patient_image_000317_4794d92a.jpg,data/extracted/level_2,jpg,439844
data/extracted/level_2/patient_image_000318_9ff0fd8a.jpg,data/extracted/level_2,jpg,443730
data/extracted/level_2/patient_image_000319_070a158d.jpg,data/extracted/level_2,jpg,467769
data/extracted/level_2/patient_image_000320_9f8cb638.jpg,data/extracted/level_2,jpg,440002
data/extracted/level_2/patient_image_000321_ff9618f9.jpg,data/extracted/level_2,jpg,481763
data/extracted/level_2/patient_image_000322_c0e78be1.jpg,data/extracted/level_2,jpg,494823
data/extracted/level_2/patient_image_000323_b4b4b90e.jpg,data/extracted/level_2,jpg,398000
data/extracted/level_2/patient_image_000324_5a573d29.jpg,data/extracted/level_2,jpg,474721
data/extracted/level_2/patient_image_000325_6743f950.jpg,data/extracted/level_2,jpg,468048
data/extracted/level_2/patient_image_000327_9d2da8d3.jpg,data/extracted/level_2,jpg,586390
data/extracted/level_2/patient_image_000331_e16f26da.jpg,data/extracted/level_2,jpg,480195
data/extracted/level_2/patient_image_000332_9600a8d5.jpg,data/extracted/level_2,jpg,371640
data/extracted/level_2/patient_image_000333_93372893.jpg,data/extracted/level_2,jpg,515015
data/extracted/level_2/patient_image_000334_aff5a788.jpg,data/extracted/level_2,jpg,504746
data/extracted/level_2/patient_image_000335_36dd9d92.jpg,data/extracted/level_2,jpg,475851
data/extracted/level_2/patient_image_000336_95eb29bb.jpg,data/extracted/level_2,jpg,608612
data/extracted/level_2/patient_image_000338_936ade8e.jpg,data/extracted/level_2,jpg,571305
data/extracted/level_2/patient_image_000339_6167966f.jpg,data/extracted/level_2,jpg,356539
data/extracted/level_2/patient_image_000341_47f0ea2d.jpg,data/extracted/level_2,jpg,423428
data/extracted/level_2/patient_image_000342_0ff62192.jpg,data/extracted/level_2,jpg,490904
data/extracted/level_2/patient_image_000343_613303bc.jpg,data/extracted/level_2,jpg,468482
data/extracted/level_2/patient_image_000344_be19a86f.jpg,data/extracted/level_2,jpg,663952
data/extracted/level_2/patient_image_000345_dbef47f1.jpg,data/extracted/level_2,jpg,518008
data/extracted/level_2/patient_image_000346_2c491bdf.jpg,data/extracted/level_2,jpg,514144
data/extracted/level_2/patient_image_000347_94090e46.jpg,data/extracted/level_2,jpg,510695
data/extracted/level_2/patient_image_000349_3074f911.jpg,data/extracted/level_2,jpg,534535
data/extracted/level_2/patient_image_000350_b70017ca.jpg,data/extracted/level_2,jpg,558422
data/extracted/level_2/patient_image_000352_2cb283b7.jpg,data/extracted/level_2,jpg,395872
data/extracted/level_2/patient_image_000353_4f1e829c.jpg,data/extracted/level_2,jpg,369966
data/extracted/level_2/patient_image_000354_dc59da00.jpg,data/extracted/level_2,jpg,633592
data/extracted/level_2/patient_image_000355_0d059ce2.jpg,data/extracted/level_2,jpg,440912
data/extracted/level_2/patient_image_000357_dadd1a7f.jpg,data/extracted/level_2,jpg,424129
data/extracted/level_2/patient_image_000358_284e4ef8.jpg,data/extracted/level_2,jpg,495481
data/extracted/level_2/patient_image_000359_1df9d941.jpg,data/extracted/level_2,jpg,507372
data/extracted/level_2/patient_image_000361_06ea70b2.jpg,data/extracted/level_2,jpg,442415
data/extracted/level_2/patient_image_000363_49d557bd.jpg,data/extracted/level_2,jpg,599118
data/extracted/level_2/patient_image_000364_84b8ea56.jpg,data/extracted/level_2,jpg,474471
data/extracted/level_2/patient_image_000365_bb7d18c2.jpg,data/extracted/level_2,jpg,495491
data/extracted/level_2/patient_image_000366_bd7a0db4.jpg,data/extracted/level_2,jpg,590639
data/extracted/level_2/patient_image_000367_348bf0ed.jpg,data/extracted/level_2,jpg,614656
data/extracted/level_2/patient_image_000368_7f651dcc.jpg,data/extracted/level_2,jpg,537099
data/extracted/level_2/patient_image_000369_3ad2d68e.jpg,data/extracted/level_2,jpg,485130
data/extracted/level_2/patient_image_000371_e6ac24e9.jpg,data/extracted/level_2,jpg,670134
data/extracted/level_2/patient_image_000373_5b50e5ce.jpg,data/extracted/level_2,jpg,664967
data/extracted/level_2/patient_image_000374_771f2f5f.jpg,data/extracted/level_2,jpg,411111
data/extracted/level_2/patient_image_000375_36cfc84e.jpg,data/extracted/level_2,jpg,447610
data/extracted/level_2/patient_image_000376_85573db8.jpg,data/extracted/level_2,jpg,494889
data/extracted/level_2/patient_image_000377_32ca1cbf.jpg,data/extracted/level_2,jpg,434128
data/extracted/level_2/patient_image_000378_603f4d5f.jpg,data/extracted/level_2,jpg,649601
data/extracted/level_2/patient_image_000379_70dc1258.jpg,data/extracted/level_2,jpg,454224
data/extracted/level_2/patient_image_000380_7d3d41ec.jpg,data/extracted/level_2,jpg,648761
data/extracted/level_2/patient_image_000381_9c27535d.jpg,data/extracted/level_2,jpg,422395
data/extracted/level_2/patient_image_000382_934a0214.jpg,data/extracted/level_2,jpg,482720
data/extracted/level_2/patient_image_000383_d609c8e7.jpg,data/extracted/level_2,jpg,452707
data/extracted/level_2/patient_image_000384_d6d2deea.jpg,data/extracted/level_2,jpg,440006
data/extracted/level_2/patient_image_000385_c98d53b0.jpg,data/extracted/level_2,jpg,462893
data/extracted/level_2/patient_image_000386_245dcbc1.jpg,data/extracted/level_2,jpg,453356
data/extracted/level_2/patient_image_000387_6615ec0a.jpg,data/extracted/level_2,jpg,579668
data/extracted/level_2/patient_image_000390_7959b203.jpg,data/extracted/level_2,jpg,485283
data/extracted/level_2/patient_image_000391_3111495d.jpg,data/extracted/level_2,jpg,553652
data/extracted/level_2/patient_image_000392_6d723203.jpg,data/extracted/level_2,jpg,448352
data/extracted/level_2/patient_image_000393_3dca0ae8.jpg,data/extracted/level_2,jpg,473366
data/extracted/level_2/patient_image_000394_17e14aac.jpg,data/extracted/level_2,jpg,629813
data/extracted/level_2/patient_image_000395_428e3307.jpg,data/extracted/level_2,jpg,471815
data/extracted/level_2/patient_image_000397_05ddedc7.jpg,data/extracted/level_2,jpg,445933
data/extracted/level_2/patient_image_000398_61f8b447.jpg,data/extracted/level_2,jpg,457023
data/extracted/level_2/patient_image_000399_05c48a2a.jpg,data/extracted/level_2,jpg,459525
data/extracted/level_2/patient_image_000400_6eafcc29.jpg,data/extracted/level_2,jpg,455931
data/extracted/level_2/patient_image_000401_e90e8248.jpg,data/extracted/level_2,jpg,592679
data/extracted/level_2/patient_image_000402_74196900.jpg,data/extracted/level_2,jpg,522742
data/extracted/level_2/patient_image_000404_75ee2612.jpg,data/extracted/level_2,jpg,502941
data/extracted/level_2/patient_image_000405_2e1fcb72.jpg,data/extracted/level_2,jpg,517349
data/extracted/level_2/patient_image_000406_20b82889.jpg,data/extracted/level_2,jpg,470297
data/extracted/level_2/patient_image_000407_5adfb2c1.jpg,data/extracted/level_2,jpg,457037
data/extracted/level_2/patient_image_000408_8dc2c8f0.jpg,data/extracted/level_2,jpg,453248
data/extracted/level_2/patient_image_000409_6e6b2725.jpg,data/extracted/level_2,jpg,486076
data/extracted/level_2/patient_image_000410_9dc54632.jpg,data/extracted/level_2,jpg,438093
data/extracted/level_2/patient_image_000411_fffe8d95.jpg,data/extracted/level_2,jpg,363412
data/extracted/level_2/patient_image_000412_d9e46289.jpg,data/extracted/level_2,jpg,544383
data/extracted/level_2/patient_image_000413_d10de40a.jpg,data/extracted/level_2,jpg,587960
data/extracted/level_2/patient_image_000414_ab919b7f.jpg,data/extracted/level_2,jpg,455119
data/extracted/level_2/patient_image_000415_fb82a215.jpg,data/extracted/level_2,jpg,441024
data/extracted/level_2/patient_image_000416_8c0322d5.jpg,data/extracted/level_2,jpg,411000
data/extracted/level_2/patient_image_000417_1167174f.jpg,data/extracted/level_2,jpg,686145
data/extracted/level_2/patient_image_000418_112e5c74.jpg,data/extracted/level_2,jpg,388934
data/extracted/level_2/patient_image_000419_59039767.jpg,data/extracted/level_2,jpg,456737
data/extracted/level_2/patient_image_000420_abc75010.jpg,data/extracted/level_2,jpg,463906
data/extracted/level_2/patient_image_000422_d787e943.jpg,data/extracted/level_2,jpg,413326
data/extracted/level_2/patient_image_000424_072c4aa2.jpg,data/extracted/level_2,jpg,438579
data/extracted/level_2/patient_image_000425_0ee856b5.jpg,data/extracted/level_2,jpg,461268
data/extracted/level_2/patient_image_000426_0fc4fb73.jpg,data/extracted/level_2,jpg,679865
data/extracted/level_2/patient_image_000427_03b8de7d.jpg,data/extracted/level_2,jpg,410040
data/extracted/level_2/patient_image_000428_ced31832.jpg,data/extracted/level_2,jpg,378530
data/extracted/level_2/patient_image_000430_ded8a948.jpg,data/extracted/level_2,jpg,475232
data/extracted/level_2/patient_image_000431_fe5bebe4.jpg,data/extracted/level_2,jpg,421289
data/extracted/level_2/patient_image_000432_08bb0fd2.jpg,data/extracted/level_2,jpg,368818
data/extracted/level_2/patient_image_000433_88b215ce.jpg,data/extracted/level_2,jpg,486026
data/extracted/level_2/patient_image_000434_e0719487.jpg,data/extracted/level_2,jpg,537238
data/extracted/level_2/patient_image_000441_6a673d62.jpg,data/extracted/level_2,jpg,463708
data/extracted/level_2/patient_image_000442_fa5b3c29.jpg,data/extracted/level_2,jpg,656462
data/extracted/level_2/patient_image_000443_0a8e215c.jpg,data/extracted/level_2,jpg,491321
data/extracted/level_2/patient_image_000445_b05230cf.jpg,data/extracted/level_2,jpg,456915
data/extracted/level_2/patient_image_000446_c227b530.jpg,data/extracted/level_2,jpg,443093
data/extracted/level_2/patient_image_000447_b27cf611.jpg,data/extracted/level_2,jpg,431135
data/extracted/level_2/patient_image_000448_fe6c87b3.jpg,data/extracted/level_2,jpg,446335
data/extracted/level_2/patient_image_000449_b4de43e4.jpg,data/extracted/level_2,jpg,492727
data/extracted/level_2/patient_image_000450_a610a63b.jpg,data/extracted/level_2,jpg,448622
data/extracted/level_2/patient_image_000451_0d40c3ec.jpg,data/extracted/level_2,jpg,432020
data/extracted/level_2/patient_image_000452_6bae26b1.jpg,data/extracted/level_2,jpg,481821
data/extracted/level_2/patient_image_000454_eb31f2c2.jpg,data/extracted/level_2,jpg,450658
data/extracted/level_2/patient_image_000455_299b7862.jpg,data/extracted/level_2,jpg,450533
data/extracted/level_2/patient_image_000456_9c8de752.jpg,data/extracted/level_2,jpg,527763
data/extracted/level_2/patient_image_000457_e8f4aa9a.jpg,data/extracted/level_2,jpg,595896
data/extracted/level_2/patient_image_000458_22bdeefa.jpg,data/extracted/level_2,jpg,587395
data/extracted/level_2/patient_image_000459_c4fed7f8.jpg,data/extracted/level_2,jpg,487510
data/extracted/level_2/patient_image_000460_02d60eef.jpg,data/extracted/level_2,jpg,489344
data/extracted/level_2/patient_image_000462_3e19cc2a.jpg,data/extracted/level_2,jpg,590304
data/extracted/level_2/patient_image_000464_7b8d7f1d.jpg,data/extracted/level_2,jpg,490840
data/extracted/level_2/patient_image_000466_7f588bd3.jpg,data/extracted/level_2,jpg,439776
data/extracted/level_2/patient_image_000469_e0144b78.jpg,data/extracted/level_2,jpg,496166
data/extracted/level_2/patient_image_000470_027102b5.jpg,data/extracted/level_2,jpg,449589
data/extracted/level_2/patient_image_000471_92a5e5d6.jpg,data/extracted/level_2,jpg,473809
data/extracted/level_2/patient_image_000472_4834a115.jpg,data/extracted/level_2,jpg,709424
data/extracted/level_2/patient_image_000473_e215ecc9.jpg,data/extracted/level_2,jpg,438670
data/extracted/level_2/patient_image_000474_d4b38b87.jpg,data/extracted/level_2,jpg,541252
data/extracted/level_2/patient_image_000475_b193cd84.jpg,data/extracted/level_2,jpg,600983
data/extracted/level_2/patient_image_000476_2949122a.jpg,data/extracted/level_2,jpg,628831
data/extracted/level_2/patient_image_000477_73435014.jpg,data/extracted/level_2,jpg,445587
data/extracted/level_2/patient_image_000478_59734b1a.jpg,data/extracted/level_2,jpg,556095
data/extracted/level_2/patient_image_000479_5e4b8a54.jpg,data/extracted/level_2,jpg,443247
data/extracted/level_2/patient_image_000480_cda242fd.jpg,data/extracted/level_2,jpg,475038
data/extracted/level_2/patient_image_000481_cf7c2117.jpg,data/extracted/level_2,jpg,475053
data/extracted/level_2/patient_image_000482_6f5e3a79.jpg,data/extracted/level_2,jpg,539947
data/extracted/level_2/patient_image_000483_36296dc7.jpg,data/extracted/level_2,jpg,498451
data/extracted/level_2/patient_image_000484_f7f90022.jpg,data/extracted/level_2,jpg,460826
data/extracted/level_2/patient_image_000485_04acf008.jpg,data/extracted/level_2,jpg,479221
data/extracted/level_2/patient_image_000486_02dafd6a.jpg,data/extracted/level_2,jpg,557167
data/extracted/level_2/patient_image_000487_14e01941.jpg,data/extracted/level_2,jpg,591332
data/extracted/level_2/patient_image_000488_48c416a4.jpg,data/extracted/level_2,jpg,451892
data/extracted/level_2/patient_image_000489_11f098ef.jpg,data/extracted/level_2,jpg,477205
data/extracted/level_2/patient_image_000490_e72e1fbc.jpg,data/extracted/level_2,jpg,464316
data/extracted/level_2/patient_image_000491_ad2915bf.jpg,data/extracted/level_2,jpg,496070
data/extracted/level_2/patient_image_000492_bee4fa3c.jpg,data/extracted/level_2,jpg,474849
data/extracted/level_2/patient_image_000493_099f245f.jpg,data/extracted/level_2,jpg,470907
data/extracted/level_2/patient_image_000494_fe2e35fa.jpg,data/extracted/level_2,jpg,487756
data/extracted/level_2/patient_image_000495_e3410abd.jpg,data/extracted/level_2,jpg,684033
data/extracted/level_2/patient_image_000496_da4b430a.jpg,data/extracted/level_2,jpg,536908
data/extracted/level_2/patient_image_000498_e5c9b07d.jpg,data/extracted/level_2,jpg,501021
data/extracted/level_2/patient_image_000499_89f93a7f.jpg,data/extracted/level_2,jpg,524846
data/extracted/level_2/patient_image_000502_3f2d3d1c.jpg,data/extracted/level_2,jpg,568521
data/extracted/level_2/patient_image_000503_970b1839.jpg,data/extracted/level_2,jpg,491752
data/extracted/level_2/patient_image_000518_5e5e9237.jpg,data/extracted/level_2,jpg,525370
data/extracted/level_2/patient_image_000525_b84f8771.jpg,data/extracted/level_2,jpg,488365
data/extracted/level_2/patient_image_000527_007f9c5e.jpg,data/extracted/level_2,jpg,574460
data/extracted/level_2/patient_image_000539_b6cf1f5b.jpg,data/extracted/level_2,jpg,483322
data/extracted/level_2/patient_image_000544_b0afee2d.jpg,data/extracted/level_2,jpg,490233
data/extracted/level_2/patient_image_000545_5a44bfb4.jpg,data/extracted/level_2,jpg,494602
data/extracted/level_2/patient_image_000552_c0574f20.jpg,data/extracted/level_2,jpg,470120
data/extracted/level_2/patient_image_000553_f8c87a59.jpg,data/extracted/level_2,jpg,461073
data/extracted/level_2/patient_image_000556_92578943.jpg,data/extracted/level_2,jpg,518443
data/extracted/level_2/patient_image_000560_adc72499.jpg,data/extracted/level_2,jpg,514176
data/extracted/level_2/patient_image_000561_87f73eef.jpg,data/extracted/level_2,jpg,543005
data/extracted/level_2/patient_image_000566_f080062c.jpg,data/extracted/level_2,jpg,478031
data/extracted/level_2/patient_image_000567_3197d455.jpg,data/extracted/level_2,jpg,496147
data/extracted/level_2/patient_image_000568_30da5428.jpg,data/extracted/level_2,jpg,558850
data/extracted/level_2/patient_image_000573_1c1c7d5d.jpg,data/extracted/level_2,jpg,468520
data/extracted/level_2/patient_image_000576_0fbbd20d.jpg,data/extracted/level_2,jpg,563490
data/extracted/level_2/patient_image_000583_dfceb69f.jpg,data/extracted/level_2,jpg,710189
data/extracted/level_2/patient_image_000586_3d2038f8.jpg,data/extracted/level_2,jpg,510899
data/extracted/level_2/patient_image_000590_10f9bc33.jpg,data/extracted/level_2,jpg,503463
data/extracted/level_2/patient_image_000591_e32569e0.jpg,data/extracted/level_2,jpg,479746
data/extracted/level_2/patient_image_000594_edff5861.jpg,data/extracted/level_2,jpg,488224
data/extracted/level_2/patient_image_000597_f2544888.jpg,data/extracted/level_2,jpg,480692
data/extracted/level_2/patient_image_000598_38fac96c.jpg,data/extracted/level_2,jpg,486289
data/extracted/level_2/patient_image_000599_f9a4c92e.jpg,data/extracted/level_2,jpg,491746
data/extracted/level_2/patient_image_000601_cd1e4b37.jpg,data/extracted/level_2,jpg,566121
data/extracted/level_2/patient_image_000604_85a044c8.jpg,data/extracted/level_2,jpg,574871
data/extracted/level_2/patient_image_000606_99298aed.jpg,data/extracted/level_2,jpg,498803
data/extracted/level_2/patient_image_000611_cda27acf.jpg,data/extracted/level_2,jpg,496739
data/extracted/level_2/patient_image_000623_f3ab1371.jpg,data/extracted/level_2,jpg,486478
data/extracted/level_2/patient_image_000624_fb2faa84.jpg,data/extracted/level_2,jpg,588432
data/extracted/level_2/patient_image_000626_297e8e85.jpg,data/extracted/level_2,jpg,518953
data/extracted/level_2/patient_image_000627_a087afec.jpg,data/extracted/level_2,jpg,488583
data/extracted/level_2/patient_image_000631_9ca7c541.jpg,data/extracted/level_2,jpg,490268
data/extracted/level_2/patient_image_000634_6aa38a90.jpg,data/extracted/level_2,jpg,484522
data/extracted/level_2/patient_image_000635_d24404f4.jpg,data/extracted/level_2,jpg,511434
data/extracted/level_2/patient_image_000636_8d28a642.jpg,data/extracted/level_2,jpg,465932
data/extracted/level_2/patient_image_000641_a2ba316a.jpg,data/extracted/level_2,jpg,510531
data/extracted/level_2/patient_image_000643_5abd7d83.jpg,data/extracted/level_2,jpg,544804
data/extracted/level_2/patient_image_000644_676cdf6d.jpg,data/extracted/level_2,jpg,522914
data/extracted/level_2/patient_image_000646_632e9dbf.jpg,data/extracted/level_2,jpg,444999
data/extracted/level_2/patient_image_000648_fc0e7a10.jpg,data/extracted/level_2,jpg,462059
data/extracted/level_2/patient_image_000649_5669f77d.jpg,data/extracted/level_2,jpg,495789
data/extracted/level_2/patient_image_000652_d9996c5f.jpg,data/extracted/level_2,jpg,485079
data/extracted/level_2/patient_image_000653_6030e552.jpg,data/extracted/level_2,jpg,493247
data/extracted/level_2/patient_image_000659_01848364.jpg,data/extracted/level_2,jpg,489470
data/extracted/level_2/patient_image_000661_1feca3dd.jpg,data/extracted/level_2,jpg,510504
data/extracted/level_2/patient_image_000664_63d67e36.jpg,data/extracted/level_2,jpg,468382
data/extracted/level_2/patient_image_000665_9d6ed479.jpg,data/extracted/level_2,jpg,526378
data/extracted/level_2/patient_image_000668_603e4b18.jpg,data/extracted/level_2,jpg,565049
data/extracted/level_2/patient_image_000669_1a4563d6.jpg,data/extracted/level_2,jpg,472718
data/extracted/level_2/patient_image_000670_22bd318a.jpg,data/extracted/level_2,jpg,553682
data/extracted/level_2/patient_image_000671_a66b5d48.jpg,data/extracted/level_2,jpg,493938
data/extracted/level_2/patient_image_000675_d0dba229.jpg,data/extracted/level_2,jpg,466710
data/extracted/level_2/patient_image_000677_e5bbd8df.jpg,data/extracted/level_2,jpg,513881
data/extracted/level_2/patient_image_000678_6c9e5415.jpg,data/extracted/level_2,jpg,515622
data/extracted/level_2/patient_image_000680_d1fc230b.jpg,data/extracted/level_2,jpg,519687
data/extracted/level_2/patient_image_000681_92937f51.jpg,data/extracted/level_2,jpg,470237
data/extracted/level_2/patient_image_000683_ab596b35.jpg,data/extracted/level_2,jpg,454883
data/extracted/level_2/patient_image_000684_5ed81f6a.jpg,data/extracted/level_2,jpg,491636
data/extracted/level_2/patient_image_000685_3ea9fe53.jpg,data/extracted/level_2,jpg,540992
data/extracted/level_2/patient_image_000687_78a93597.jpg,data/extracted/level_2,jpg,501393
data/extracted/level_2/patient_image_000689_8cbb459f.jpg,data/extracted/level_2,jpg,479714
data/extracted/level_2/patient_image_000690_a5efc744.jpg,data/extracted/level_2,jpg,529856
data/extracted/level_2/patient_image_000692_7b9f3fd0.jpg,data/extracted/level_2,jpg,480469
data/extracted/level_2/patient_image_000693_c97d9581.jpg,data/extracted/level_2,jpg,684712
data/extracted/level_2/patient_image_000694_2f073e81.jpg,data/extracted/level_2,jpg,568189
data/extracted/level_2/patient_image_000695_36a72067.jpg,data/extracted/level_2,jpg,490791
data/extracted/level_2/patient_image_000697_98097f1b.jpg,data/extracted/level_2,jpg,517023
data/extracted/level_2/patient_image_000702_93e8265e.jpg,data/extracted/level_2,jpg,495808
data/extracted/level_2/patient_image_000704_8811aa89.jpg,data/extracted/level_2,jpg,460470
data/extracted/level_2/patient_image_000705_2420ddd4.jpg,data/extracted/level_2,jpg,477359
data/extracted/level_2/patient_image_000708_6eab34a4.jpg,data/extracted/level_2,jpg,520378
data/extracted/level_2/patient_image_000710_487579a1.jpg,data/extracted/level_2,jpg,584120
data/extracted/level_2/patient_image_000711_09ede04a.jpg,data/extracted/level_2,jpg,515518
data/extracted/level_2/patient_image_000712_f74901b1.jpg,data/extracted/level_2,jpg,524021
data/extracted/level_2/patient_image_000713_278198c0.jpg,data/extracted/level_2,jpg,516229
data/extracted/level_2/patient_image_000717_d2755dfc.jpg,data/extracted/level_2,jpg,616275
data/extracted/level_2/patient_image_000718_bd47a97f.jpg,data/extracted/level_2,jpg,508588
data/extracted/level_2/patient_image_000720_50c76c73.jpg,data/extracted/level_2,jpg,438798
data/extracted/level_2/patient_image_000721_ee5c13d1.jpg,data/extracted/level_2,jpg,468486
data/extracted/level_2/patient_image_000724_7100cffe.jpg,data/extracted/level_2,jpg,496749
data/extracted/level_2/patient_image_000726_2f3a2acb.jpg,data/extracted/level_2,jpg,505397
data/extracted/level_2/patient_image_000728_d17a54c4.jpg,data/extracted/level_2,jpg,516614
data/extracted/level_2/patient_image_000729_fe499a1a.jpg,data/extracted/level_2,jpg,439549
data/extracted/level_2/patient_image_000730_9741f72e.jpg,data/extracted/level_2,jpg,530674
data/extracted/level_2/patient_image_000733_39457b8c.jpg,data/extracted/level_2,jpg,484362
data/extracted/level_2/patient_image_000734_49373ac3.jpg,data/extracted/level_2,jpg,500531
data/extracted/level_2/patient_image_000735_4c06fd9d.jpg,data/extracted/level_2,jpg,457470
data/extracted/level_2/patient_image_000736_b6b6cc9b.jpg,data/extracted/level_2,jpg,485264
data/extracted/level_2/patient_image_000737_5bb84a20.jpg,data/extracted/level_2,jpg,537940
data/extracted/level_2/patient_image_000738_5f7ed924.jpg,data/extracted/level_2,jpg,512816
data/extracted/level_2/patient_image_000741_c2d8c781.jpg,data/extracted/level_2,jpg,520337
data/extracted/level_2/patient_image_000742_673fbbc2.jpg,data/extracted/level_2,jpg,465682
data/extracted/level_2/patient_image_000744_3d81cbef.jpg,data/extracted/level_2,jpg,484685
data/extracted/level_2/patient_image_000747_e008788e.jpg,data/extracted/level_2,jpg,445031
data/extracted/level_2/patient_image_000748_ba114015.jpg,data/extracted/level_2,jpg,458745
data/extracted/level_2/patient_image_000749_10f541bd.jpg,data/extracted/level_2,jpg,473132
data/extracted/level_2/patient_image_000751_2ec70b07.jpg,data/extracted/level_2,jpg,561986
data/extracted/level_2/patient_image_000752_c1b45b8a.jpg,data/extracted/level_2,jpg,590478
data/extracted/level_2/patient_image_000755_52d07050.jpg,data/extracted/level_2,jpg,568209
data/extracted/level_2/patient_image_000758_82023b9e.jpg,data/extracted/level_2,jpg,550037
data/extracted/level_2/patient_image_000761_de5dc0c0.jpg,data/extracted/level_2,jpg,418151
data/extracted/level_2/patient_image_000762_98c37c92.jpg,data/extracted/level_2,jpg,555370
data/extracted/level_2/patient_image_000764_c2491b27.jpg,data/extracted/level_2,jpg,449194
data/extracted/level_2/patient_image_000765_7af1e16c.jpg,data/extracted/level_2,jpg,470393
data/extracted/level_2/patient_image_000766_4738d8ec.jpg,data/extracted/level_2,jpg,519728
data/extracted/level_2/patient_image_000767_585542a6.jpg,data/extracted/level_2,jpg,491790
data/extracted/level_2/patient_image_000768_94ae0e55.jpg,data/extracted/level_2,jpg,561366
data/extracted/level_2/patient_image_000769_a862a9c7.jpg,data/extracted/level_2,jpg,447735
data/extracted/level_2/patient_image_000771_f666f8d9.jpg,data/extracted/level_2,jpg,529999
data/extracted/level_2/patient_image_000772_babbfc8b.jpg,data/extracted/level_2,jpg,484711
data/extracted/level_2/patient_image_000773_638b0558.jpg,data/extracted/level_2,jpg,523473
data/extracted/level_2/patient_image_000774_e26d228d.jpg,data/extracted/level_2,jpg,537753
data/extracted/level_2/patient_image_000776_bb326787.jpg,data/extracted/level_2,jpg,632478
data/extracted/level_2/patient_image_000777_9462e536.jpg,data/extracted/level_2,jpg,687917
data/extracted/level_2/patient_image_000780_7404e85c.jpg,data/extracted/level_2,jpg,451551
data/extracted/level_2/patient_image_000781_4658f1b9.jpg,data/extracted/level_2,jpg,506796
data/extracted/level_2/patient_image_000784_b669de59.jpg,data/extracted/level_2,jpg,512126
data/extracted/level_2/patient_image_000785_ae6c1f79.jpg,data/extracted/level_2,jpg,528006
data/extracted/level_2/patient_image_000788_ec38f839.jpg,data/extracted/level_2,jpg,530429
data/extracted/level_2/patient_image_000790_dc67a190.jpg,data/extracted/level_2,jpg,438636
data/extracted/level_2/patient_image_000793_39966297.jpg,data/extracted/level_2,jpg,489400
data/extracted/level_2/patient_image_000794_db2f0b45.jpg,data/extracted/level_2,jpg,477915
data/extracted/level_2/patient_image_000795_b452d6f6.jpg,data/extracted/level_2,jpg,530063
data/extracted/level_2/patient_image_000796_c6a24843.jpg,data/extracted/level_2,jpg,502866
data/extracted/level_2/patient_image_000798_1636fbe6.jpg,data/extracted/level_2,jpg,501871
data/extracted/level_2/patient_image_000799_806467b4.jpg,data/extracted/level_2,jpg,507953
data/extracted/level_2/patient_image_000801_701e7a57.jpg,data/extracted/level_2,jpg,544064
data/extracted/level_2/patient_image_000805_a6285cd0.jpg,data/extracted/level_2,jpg,552554
data/extracted/level_2/patient_image_000806_a933040b.jpg,data/extracted/level_2,jpg,528328
data/extracted/level_2/patient_image_000807_f91c023c.jpg,data/extracted/level_2,jpg,488735
data/extracted/level_2/patient_image_000808_fe172a13.jpg,data/extracted/level_2,jpg,490561
data/extracted/level_2/patient_image_000809_3789ffc4.jpg,data/extracted/level_2,jpg,527668
data/extracted/level_2/patient_image_000812_d7636574.jpg,data/extracted/level_2,jpg,610179
data/extracted/level_2/patient_image_000814_6a9c112c.jpg,data/extracted/level_2,jpg,477881
data/extracted/level_2/patient_image_000815_f279cd7d.jpg,data/extracted/level_2,jpg,483920
data/extracted/level_2/patient_image_000817_09e72457.jpg,data/extracted/level_2,jpg,703012
data/extracted/level_2/patient_image_000818_165888a3.jpg,data/extracted/level_2,jpg,493547
data/extracted/level_2/patient_image_000820_982b50b1.jpg,data/extracted/level_2,jpg,466138
data/extracted/level_2/patient_image_000822_a875a6d8.jpg,data/extracted/level_2,jpg,503937
data/extracted/level_2/patient_image_000823_2a992066.jpg,data/extracted/level_2,jpg,518541
data/extracted/level_2/patient_image_000824_e391c351.jpg,data/extracted/level_2,jpg,552224
data/extracted/level_2/patient_image_000825_5ac921b0.jpg,data/extracted/level_2,jpg,559717
data/extracted/level_2/patient_image_000826_d4f2e623.jpg,data/extracted/level_2,jpg,461679
data/extracted/level_2/patient_image_000827_b540e187.jpg,data/extracted/level_2,jpg,498970
data/extracted/level_2/patient_image_000829_8ad07052.jpg,data/extracted/level_2,jpg,535276
data/extracted/level_2/patient_image_000830_6e3bc5bc.jpg,data/extracted/level_2,jpg,531574
data/extracted/level_2/patient_image_000831_da537e9a.jpg,data/extracted/level_2,jpg,545732
data/extracted/level_2/patient_image_000832_ba3025d2.jpg,data/extracted/level_2,jpg,514320
data/extracted/level_2/patient_image_000833_c50b941e.jpg,data/extracted/level_2,jpg,498241
data/extracted/level_2/patient_image_000834_a35b19b1.jpg,data/extracted/level_2,jpg,493806
data/extracted/level_2/patient_image_000835_5a9a8c42.jpg,data/extracted/level_2,jpg,519390
data/extracted/level_2/patient_image_000836_e3727918.jpg,data/extracted/level_2,jpg,501174
data/extracted/level_2/patient_image_000837_3e3f5ce9.jpg,data/extracted/level_2,jpg,517823
data/extracted/level_2/patient_image_000838_c2ebf9f3.jpg,data/extracted/level_2,jpg,535699
data/extracted/level_2/patient_image_000839_90e477c1.jpg,data/extracted/level_2,jpg,537752
data/extracted/level_2/patient_image_000842_f001cd9e.jpg,data/extracted/level_2,jpg,523344
data/extracted/level_2/patient_image_000843_db317bc4.jpg,data/extracted/level_2,jpg,507569
data/extracted/level_2/patient_image_000844_da3a8385.jpg,data/extracted/level_2,jpg,536639
data/extracted/level_2/patient_image_000846_77f2956f.jpg,data/extracted/level_2,jpg,507336
data/extracted/level_2/patient_image_000847_0de63e7a.jpg,data/extracted/level_2,jpg,504786
data/extracted/level_2/patient_image_000849_25f88a65.jpg,data/extracted/level_2,jpg,515137
data/extracted/level_2/patient_image_000850_4194fb35.jpg,data/extracted/level_2,jpg,514563
data/extracted/level_2/patient_image_000851_0979f2bc.jpg,data/extracted/level_2,jpg,507854
data/extracted/level_2/patient_image_000853_4a999514.jpg,data/extracted/level_2,jpg,475640
data/extracted/level_2/patient_image_000854_3a1d5798.jpg,data/extracted/level_2,jpg,446314
data/extracted/level_2/patient_image_000855_16657812.jpg,data/extracted/level_2,jpg,587994
data/extracted/level_2/patient_image_000856_d5957e5e.jpg,data/extracted/level_2,jpg,540790
data/extracted/level_2/patient_image_000857_9e6c029e.jpg,data/extracted/level_2,jpg,544791
data/extracted/level_2/patient_image_000859_72022976.jpg,data/extracted/level_2,jpg,563038
data/extracted/level_2/patient_image_000860_8e2c267e.jpg,data/extracted/level_2,jpg,503696
data/extracted/level_2/patient_image_000863_5ae729c9.jpg,data/extracted/level_2,jpg,503409
data/extracted/level_2/patient_image_000864_341d6da3.jpg,data/extracted/level_2,jpg,521498
data/extracted/level_2/patient_image_000865_4b0dc78d.jpg,data/extracted/level_2,jpg,531237
data/extracted/level_2/patient_image_000867_8b9e11bb.jpg,data/extracted/level_2,jpg,522317
data/extracted/level_2/patient_image_000869_b1fe361e.jpg,data/extracted/level_2,jpg,511996
data/extracted/level_2/patient_image_000870_642f835a.jpg,data/extracted/level_2,jpg,472705
data/extracted/level_2/patient_image_000871_f381b0ff.jpg,data/extracted/level_2,jpg,595786
data/extracted/level_2/patient_image_000873_d1d7765c.jpg,data/extracted/level_2,jpg,517898
data/extracted/level_2/patient_image_000874_5284b7ef.jpg,data/extracted/level_2,jpg,551534
data/extracted/level_2/patient_image_000876_8bff4438.jpg,data/extracted/level_2,jpg,485052
data/extracted/level_2/patient_image_000878_875e2e77.jpg,data/extracted/level_2,jpg,474649
data/extracted/level_2/patient_image_000880_2ca612b6.jpg,data/extracted/level_2,jpg,509011
data/extracted/level_2/patient_image_000881_146cdfad.jpg,data/extracted/level_2,jpg,469114
data/extracted/level_2/patient_image_000884_7c004ba1.jpg,data/extracted/level_2,jpg,454274
data/extracted/level_2/patient_image_000888_b8bb68c6.jpg,data/extracted/level_2,jpg,562552
data/extracted/level_2/patient_image_000889_874fa821.jpg,data/extracted/level_2,jpg,523053
data/extracted/level_2/patient_image_000894_c6d2f032.jpg,data/extracted/level_2,jpg,424510
data/extracted/level_2/patient_image_000895_020d42b5.jpg,data/extracted/level_2,jpg,455216
data/extracted/level_2/patient_image_000896_324b8843.jpg,data/extracted/level_2,jpg,515643
data/extracted/level_2/patient_image_000897_546c2ab0.jpg,data/extracted/level_2,jpg,495471
data/extracted/level_2/patient_image_000901_858abd3d.jpg,data/extracted/level_2,jpg,424044
data/extracted/level_2/patient_image_000909_a765f5e9.jpg,data/extracted/level_2,jpg,479739
data/extracted/level_2/patient_image_000910_204d5bd8.jpg,data/extracted/level_2,jpg,530185
data/extracted/level_2/patient_image_000911_3bd02bd3.jpg,data/extracted/level_2,jpg,494826
data/extracted/level_2/patient_image_000912_1e375f49.jpg,data/extracted/level_2,jpg,489888
data/extracted/level_2/patient_image_000914_ad63dc7c.jpg,data/extracted/level_2,jpg,523162
data/extracted/level_2/patient_image_000916_30aa6d22.jpg,data/extracted/level_2,jpg,484201
data/extracted/level_2/patient_image_000917_b23de782.jpg,data/extracted/level_2,jpg,563248
data/extracted/level_2/patient_image_000922_8b62597b.jpg,data/extracted/level_2,jpg,526208
data/extracted/level_2/patient_image_000924_f91b651d.jpg,data/extracted/level_2,jpg,578734
data/extracted/level_2/patient_image_000928_729777d4.jpg,data/extracted/level_2,jpg,466813
data/extracted/level_2/patient_image_000930_14111415.jpg,data/extracted/level_2,jpg,501744
data/extracted/level_2/patient_image_000931_01bf68c2.jpg,data/extracted/level_2,jpg,576171
data/extracted/level_2/patient_image_000933_d33b6121.jpg,data/extracted/level_2,jpg,478870
data/extracted/level_2/patient_image_000935_3ac31c34.jpg,data/extracted/level_2,jpg,523148
data/extracted/level_2/patient_image_000938_93f271fb.jpg,data/extracted/level_2,jpg,494690
data/extracted/level_2/patient_image_000939_16426d51.jpg,data/extracted/level_2,jpg,532411
data/extracted/level_2/patient_image_000941_d3154c55.jpg,data/extracted/level_2,jpg,463445
data/extracted/level_2/patient_image_000948_a1272c0e.jpg,data/extracted/level_2,jpg,460031
data/extracted/level_2/patient_image_000949_33548461.jpg,data/extracted/level_2,jpg,527037
data/extracted/level_2/patient_image_000950_2dcd0736.jpg,data/extracted/level_2,jpg,500792
data/extracted/level_2/patient_image_000951_4cd21fcb.jpg,data/extracted/level_2,jpg,484076
data/extracted/level_2/patient_image_000952_2540af2c.jpg,data/extracted/level_2,jpg,520647
data/extracted/level_2/patient_image_000955_5537ffe3.jpg,data/extracted/level_2,jpg,794011
data/extracted/level_2/patient_image_000957_7529424b.jpg,data/extracted/level_2,jpg,452577
data/extracted/level_2/patient_image_000965_e6cf2b34.jpg,data/extracted/level_2,jpg,623392
data/extracted/level_2/patient_image_000967_0883ffcd.jpg,data/extracted/level_2,jpg,486671
data/extracted/level_2/patient_image_000969_55482bfd.jpg,data/extracted/level_2,jpg,441182
data/extracted/level_2/patient_image_000970_8ce3e7bf.jpg,data/extracted/level_2,jpg,541876
data/extracted/level_2/patient_image_000972_36b41d7a.jpg,data/extracted/level_2,jpg,599922
data/extracted/level_2/patient_image_000976_fedf47e3.jpg,data/extracted/level_2,jpg,452862
data/extracted/level_2/patient_image_000978_b7639c55.jpg,data/extracted/level_2,jpg,453460
data/extracted/level_2/patient_image_000980_e117f479.jpg,data/extracted/level_2,jpg,494401
data/extracted/level_2/patient_image_000982_191afad0.jpg,data/extracted/level_2,jpg,484802
data/extracted/level_2/patient_image_000986_28690d2c.jpg,data/extracted/level_2,jpg,501587
data/extracted/level_2/patient_image_000987_486374cb.jpg,data/extracted/level_2,jpg,494986
data/extracted/level_2/patient_image_000988_d61573a7.jpg,data/extracted/level_2,jpg,386570
data/extracted/level_2/patient_image_000989_b25b9cdb.jpg,data/extracted/level_2,jpg,526293
data/extracted/level_2/patient_image_000990_308204dc.jpg,data/extracted/level_2,jpg,500730
data/extracted/level_2/patient_image_000992_57c05974.jpg,data/extracted/level_2,jpg,457160
data/extracted/level_2/patient_image_000993_da7460f6.jpg,data/extracted/level_2,jpg,484887
data/extracted/level_2/patient_image_000994_46087cfd.jpg,data/extracted/level_2,jpg,495675
data/extracted/level_2/patient_image_000995_44258a3c.jpg,data/extracted/level_2,jpg,452915
data/extracted/level_2/patient_image_000996_62c829da.jpg,data/extracted/level_2,jpg,437987
data/extracted/level_2/patient_image_000997_d2bb8686.jpg,data/extracted/level_2,jpg,468234
data/extracted/level_2/patient_image_000999_0f12d6fc.jpg,data/extracted/level_2,jpg,445777
data/extracted/level_2/patient_image_001000_8e54f250.jpg,data/extracted/level_2,jpg,474050
data/extracted/level_2/patient_image_001001_5a3ad0a5.jpg,data/extracted/level_2,jpg,497866
data/extracted/level_2/patient_image_001003_c2ff7e8b.jpg,data/extracted/level_2,jpg,508541
data/extracted/level_2/patient_image_001005_8a2d932c.jpg,data/extracted/level_2,jpg,504849
data/extracted/level_2/patient_image_001007_78fcccb8.jpg,data/extracted/level_2,jpg,586185
data/extracted/level_2/patient_image_001008_ddf73045.jpg,data/extracted/level_2,jpg,465244
data/extracted/level_3/patient_image_000002_4bb31c71.jpg,data/extracted/level_3,jpg,474286
data/extracted/level_3/patient_image_000003_2b2e7506.jpg,data/extracted/level_3,jpg,471760
data/extracted/level_3/patient_image_000007_833861b5.jpg,data/extracted/level_3,jpg,373694
data/extracted/level_3/patient_image_000013_306b0a74.jpg,data/extracted/level_3,jpg,529220
data/extracted/level_3/patient_image_000019_23caeef3.jpg,data/extracted/level_3,jpg,630925
data/extracted/level_3/patient_image_000021_1f767ab9.jpg,data/extracted/level_3,jpg,362051
data/extracted/level_3/patient_image_000044_069a1491.jpg,data/extracted/level_3,jpg,490630
data/extracted/level_3/patient_image_000046_7bb08579.jpg,data/extracted/level_3,jpg,458476
data/extracted/level_3/patient_image_000047_689da8a4.jpg,data/extracted/level_3,jpg,536169
data/extracted/level_3/patient_image_000050_8035801c.jpg,data/extracted/level_3,jpg,438901
data/extracted/level_3/patient_image_000053_78f8d04f.jpg,data/extracted/level_3,jpg,500309
data/extracted/level_3/patient_image_000059_473456db.jpg,data/extracted/level_3,jpg,440915
data/extracted/level_3/patient_image_000060_4c42195d.jpg,data/extracted/level_3,jpg,483602
data/extracted/level_3/patient_image_000062_dd049995.jpg,data/extracted/level_3,jpg,361120
data/extracted/level_3/patient_image_000063_d9146af9.jpg,data/extracted/level_3,jpg,623605
data/extracted/level_3/patient_image_000069_03441373.jpg,data/extracted/level_3,jpg,445978
data/extracted/level_3/patient_image_000071_7ff3fd0c.jpg,data/extracted/level_3,jpg,432651
data/extracted/level_3/patient_image_000073_f9f52225.jpg,data/extracted/level_3,jpg,405857
data/extracted/level_3/patient_image_000074_0c02a5f3.jpg,data/extracted/level_3,jpg,375911
data/extracted/level_3/patient_image_000077_b5ed5649.jpg,data/extracted/level_3,jpg,439889
data/extracted/level_3/patient_image_000080_62c2ce97.jpg,data/extracted/level_3,jpg,432042
data/extracted/level_3/patient_image_000081_4a2a97ba.jpg,data/extracted/level_3,jpg,477919
data/extracted/level_3/patient_image_000082_1573cc84.jpg,data/extracted/level_3,jpg,356280
data/extracted/level_3/patient_image_000088_515f171a.jpg,data/extracted/level_3,jpg,461235
data/extracted/level_3/patient_image_000089_cb76aaf2.jpg,data/extracted/level_3,jpg,714996
data/extracted/level_3/patient_image_000092_3c5a3b75.jpg,data/extracted/level_3,jpg,490918
data/extracted/level_3/patient_image_000096_9aff477c.jpg,data/extracted/level_3,jpg,620992
data/extracted/level_3/patient_image_000101_b9058bd6.jpg,data/extracted/level_3,jpg,583076
data/extracted/level_3/patient_image_000104_412f98d8.jpg,data/extracted/level_3,jpg,576133
data/extracted/level_3/patient_image_000108_58d95f86.jpg,data/extracted/level_3,jpg,449228
data/extracted/level_3/patient_image_000109_d5af1e8d.jpg,data/extracted/level_3,jpg,584002
data/extracted/level_3/patient_image_000112_fa49a120.jpg,data/extracted/level_3,jpg,516944
data/extracted/level_3/patient_image_000113_8dc0b8b0.jpg,data/extracted/level_3,jpg,602255
data/extracted/level_3/patient_image_000115_42f04a2c.jpg,data/extracted/level_3,jpg,472529
data/extracted/level_3/patient_image_000119_d5a73178.jpg,data/extracted/level_3,jpg,368278
data/extracted/level_3/patient_image_000123_1ebadac8.jpg,data/extracted/level_3,jpg,423368
data/extracted/level_3/patient_image_000131_5174739a.jpg,data/extracted/level_3,jpg,452313
data/extracted/level_3/patient_image_000133_8269774b.jpg,data/extracted/level_3,jpg,637579
data/extracted/level_3/patient_image_000134_1642341c.jpg,data/extracted/level_3,jpg,527417
data/extracted/level_3/patient_image_000138_41b8c01e.jpg,data/extracted/level_3,jpg,549191
data/extracted/level_3/patient_image_000140_d7d0ac07.jpg,data/extracted/level_3,jpg,452423
data/extracted/level_3/patient_image_000143_e047c499.jpg,data/extracted/level_3,jpg,498748
data/extracted/level_3/patient_image_000144_6fa8e9da.jpg,data/extracted/level_3,jpg,452169
data/extracted/level_3/patient_image_000145_2f22d13c.jpg,data/extracted/level_3,jpg,461974
data/extracted/level_3/patient_image_000146_23d86546.jpg,data/extracted/level_3,jpg,620590
data/extracted/level_3/patient_image_000147_0f29426c.jpg,data/extracted/level_3,jpg,364328
data/extracted/level_3/patient_image_000156_f850dcfc.jpg,data/extracted/level_3,jpg,450556
data/extracted/level_3/patient_image_000163_a7b2d449.jpg,data/extracted/level_3,jpg,378031
data/extracted/level_3/patient_image_000170_8e2eded9.jpg,data/extracted/level_3,jpg,564953
data/extracted/level_3/patient_image_000181_aea20064.jpg,data/extracted/level_3,jpg,550789
data/extracted/level_3/patient_image_000183_ed724976.jpg,data/extracted/level_3,jpg,430234
data/extracted/level_3/patient_image_000184_8ce19f36.jpg,data/extracted/level_3,jpg,489538
data/extracted/level_3/patient_image_000189_2b1f297a.jpg,data/extracted/level_3,jpg,445459
data/extracted/level_3/patient_image_000191_b8777160.jpg,data/extracted/level_3,jpg,405975
data/extracted/level_3/patient_image_000200_c9ae0753.jpg,data/extracted/level_3,jpg,440565
data/extracted/level_3/patient_image_000201_68fcfc13.jpg,data/extracted/level_3,jpg,406041
data/extracted/level_3/patient_image_000204_721f7bac.jpg,data/extracted/level_3,jpg,513462
data/extracted/level_3/patient_image_000205_eadd10df.jpg,data/extracted/level_3,jpg,523991
data/extracted/level_3/patient_image_000208_e445f5b2.jpg,data/extracted/level_3,jpg,442079
data/extracted/level_3/patient_image_000224_654a73ca.jpg,data/extracted/level_3,jpg,456968
data/extracted/level_3/patient_image_000230_261d0b66.jpg,data/extracted/level_3,jpg,494492
data/extracted/level_3/patient_image_000232_72ef87ca.jpg,data/extracted/level_3,jpg,371350
data/extracted/level_3/patient_image_000237_fd5a157f.jpg,data/extracted/level_3,jpg,526035
data/extracted/level_3/patient_image_000241_14c1c28a.jpg,data/extracted/level_3,jpg,492750
data/extracted/level_3/patient_image_000242_f0ec8ed0.jpg,data/extracted/level_3,jpg,378224
data/extracted/level_3/patient_image_000243_def696e9.jpg,data/extracted/level_3,jpg,459803
data/extracted/level_3/patient_image_000244_76e6928c.jpg,data/extracted/level_3,jpg,457683
data/extracted/level_3/patient_image_000255_0b31e8f3.jpg,data/extracted/level_3,jpg,427185
data/extracted/level_3/patient_image_000257_752a3001.jpg,data/extracted/level_3,jpg,387143
data/extracted/level_3/patient_image_000261_4ba3dd44.jpg,data/extracted/level_3,jpg,448280
data/extracted/level_3/patient_image_000262_1c2d0dfb.jpg,data/extracted/level_3,jpg,466193
data/extracted/level_3/patient_image_000263_6173bb33.jpg,data/extracted/level_3,jpg,351665
data/extracted/level_3/patient_image_000264_6689da5e.jpg,data/extracted/level_3,jpg,434006
data/extracted/level_3/patient_image_000265_e3791f4c.jpg,data/extracted/level_3,jpg,461582
data/extracted/level_3/patient_image_000269_36d706fb.jpg,data/extracted/level_3,jpg,516573
data/extracted/level_3/patient_image_000271_90118e15.jpg,data/extracted/level_3,jpg,492893
data/extracted/level_3/patient_image_000275_0950d787.jpg,data/extracted/level_3,jpg,479330
data/extracted/level_3/patient_image_000278_62c2735f.jpg,data/extracted/level_3,jpg,470276
data/extracted/level_3/patient_image_000281_51c027da.jpg,data/extracted/level_3,jpg,559520
data/extracted/level_3/patient_image_000284_d7c3117f.jpg,data/extracted/level_3,jpg,431127
data/extracted/level_3/patient_image_000287_f3effd41.jpg,data/extracted/level_3,jpg,572725
data/extracted/level_3/patient_image_000294_1c448f4a.jpg,data/extracted/level_3,jpg,426498
data/extracted/level_3/patient_image_000295_b2f59efb.jpg,data/extracted/level_3,jpg,504597
data/extracted/level_3/patient_image_000300_865c8039.jpg,data/extracted/level_3,jpg,401008
data/extracted/level_3/patient_image_000304_229e35a3.jpg,data/extracted/level_3,jpg,384695
data/extracted/level_3/patient_image_000305_ef876e53.jpg,data/extracted/level_3,jpg,518633
data/extracted/level_3/patient_image_000306_0a26e446.jpg,data/extracted/level_3,jpg,439008
data/extracted/level_3/patient_image_000307_9c424853.jpg,data/extracted/level_3,jpg,618479
data/extracted/level_3/patient_image_000326_c8a8772c.jpg,data/extracted/level_3,jpg,595041
data/extracted/level_3/patient_image_000328_8a2d91fc.jpg,data/extracted/level_3,jpg,452895
data/extracted/level_3/patient_image_000329_d32c41f2.jpg,data/extracted/level_3,jpg,660648
data/extracted/level_3/patient_image_000330_8bc84559.jpg,data/extracted/level_3,jpg,433008
data/extracted/level_3/patient_image_000337_6249ba0a.jpg,data/extracted/level_3,jpg,487028
data/extracted/level_3/patient_image_000340_f7dd06e5.jpg,data/extracted/level_3,jpg,404088
data/extracted/level_3/patient_image_000348_a440ef40.jpg,data/extracted/level_3,jpg,446542
data/extracted/level_3/patient_image_000351_eea127ac.jpg,data/extracted/level_3,jpg,388963
data/extracted/level_3/patient_image_000356_02609c16.jpg,data/extracted/level_3,jpg,471738
data/extracted/level_3/patient_image_000360_e286df23.jpg,data/extracted/level_3,jpg,717716
data/extracted/level_3/patient_image_000362_37ddc399.jpg,data/extracted/level_3,jpg,625477
data/extracted/level_3/patient_image_000370_ffbf9936.jpg,data/extracted/level_3,jpg,487574
data/extracted/level_3/patient_image_000372_5cfc0a21.jpg,data/extracted/level_3,jpg,549093
data/extracted/level_3/patient_image_000388_198d0e64.jpg,data/extracted/level_3,jpg,459718
data/extracted/level_3/patient_image_000389_14d151f2.jpg,data/extracted/level_3,jpg,394067
data/extracted/level_3/patient_image_000396_24360320.jpg,data/extracted/level_3,jpg,487173
data/extracted/level_3/patient_image_000403_282b7e3d.jpg,data/extracted/level_3,jpg,442808
data/extracted/level_3/patient_image_000421_c1094673.jpg,data/extracted/level_3,jpg,642769
data/extracted/level_3/patient_image_000423_e4c6ad66.jpg,data/extracted/level_3,jpg,457284
data/extracted/level_3/patient_image_000429_84fc8ed9.jpg,data/extracted/level_3,jpg,621527
data/extracted/level_3/patient_image_000435_86430e90.jpg,data/extracted/level_3,jpg,488266
data/extracted/level_3/patient_image_000436_e64554d7.jpg,data/extracted/level_3,jpg,474351
data/extracted/level_3/patient_image_000437_756effbb.jpg,data/extracted/level_3,jpg,434060
data/extracted/level_3/patient_image_000438_21354760.jpg,data/extracted/level_3,jpg,483652
data/extracted/level_3/patient_image_000439_edffeaa6.jpg,data/extracted/level_3,jpg,594094
data/extracted/level_3/patient_image_000440_10521983.jpg,data/extracted/level_3,jpg,515601
data/extracted/level_3/patient_image_000453_b3b406ed.jpg,data/extracted/level_3,jpg,466254
data/extracted/level_3/patient_image_000463_869cd086.jpg,data/extracted/level_3,jpg,368474
data/extracted/level_3/patient_image_000467_3d336f5b.jpg,data/extracted/level_3,jpg,592310
data/extracted/level_3/patient_image_000468_61c7af51.jpg,data/extracted/level_3,jpg,494092
data/extracted/level_3/patient_image_000497_5ef9d338.jpg,data/extracted/level_3,jpg,552916
data/extracted/level_3/patient_image_000501_20a9db96.jpg,data/extracted/level_3,jpg,410506
data/extracted/level_3/patient_image_000509_04857e03.jpg,data/extracted/level_3,jpg,453791
data/extracted/level_3/patient_image_000543_652f86bc.jpg,data/extracted/level_3,jpg,768437
data/extracted/level_3/patient_image_000547_d171b028.jpg,data/extracted/level_3,jpg,645125
data/extracted/level_3/patient_image_000549_9432a4fa.jpg,data/extracted/level_3,jpg,548577
data/extracted/level_3/patient_image_000563_df925935.jpg,data/extracted/level_3,jpg,531715
data/extracted/level_3/patient_image_000574_002b0d0a.jpg,data/extracted/level_3,jpg,546170
data/extracted/level_3/patient_image_000579_51b396db.jpg,data/extracted/level_3,jpg,507389
data/extracted/level_3/patient_image_000584_388e239a.jpg,data/extracted/level_3,jpg,448442
data/extracted/level_3/patient_image_000588_11ba2a39.jpg,data/extracted/level_3,jpg,757773
data/extracted/level_3/patient_image_000595_83f35693.jpg,data/extracted/level_3,jpg,454246
data/extracted/level_3/patient_image_000596_4eae4178.jpg,data/extracted/level_3,jpg,561896
data/extracted/level_3/patient_image_000607_35725f57.jpg,data/extracted/level_3,jpg,557370
data/extracted/level_3/patient_image_000609_b45d7ffd.jpg,data/extracted/level_3,jpg,497674
data/extracted/level_3/patient_image_000619_6ea1b33e.jpg,data/extracted/level_3,jpg,507182
data/extracted/level_3/patient_image_000621_f3897caa.jpg,data/extracted/level_3,jpg,571187
data/extracted/level_3/patient_image_000625_0adf8250.jpg,data/extracted/level_3,jpg,467151
data/extracted/level_3/patient_image_000629_37e2f34d.jpg,data/extracted/level_3,jpg,447145
data/extracted/level_3/patient_image_000639_1b622c1a.jpg,data/extracted/level_3,jpg,592427
data/extracted/level_3/patient_image_000642_c3ea74ba.jpg,data/extracted/level_3,jpg,515619
data/extracted/level_3/patient_image_000650_ca4dd45d.jpg,data/extracted/level_3,jpg,477788
data/extracted/level_3/patient_image_000654_d7798fef.jpg,data/extracted/level_3,jpg,452356
data/extracted/level_3/patient_image_000655_1f764a63.jpg,data/extracted/level_3,jpg,491558
data/extracted/level_3/patient_image_000656_2ab2ef4e.jpg,data/extracted/level_3,jpg,532745
data/extracted/level_3/patient_image_000660_d4b75c89.jpg,data/extracted/level_3,jpg,536732
data/extracted/level_3/patient_image_000679_c8b50fad.jpg,data/extracted/level_3,jpg,559182
data/extracted/level_3/patient_image_000688_b31e25b2.jpg,data/extracted/level_3,jpg,547231
data/extracted/level_3/patient_image_000691_ed307561.jpg,data/extracted/level_3,jpg,539870
data/extracted/level_3/patient_image_000696_e1a9ed11.jpg,data/extracted/level_3,jpg,513525
data/extracted/level_3/patient_image_000698_b617e21d.jpg,data/extracted/level_3,jpg,485740
data/extracted/level_3/patient_image_000700_6b17c979.jpg,data/extracted/level_3,jpg,555132
data/extracted/level_3/patient_image_000701_56f982f7.jpg,data/extracted/level_3,jpg,609153
data/extracted/level_3/patient_image_000706_1e9b97f2.jpg,data/extracted/level_3,jpg,518252
data/extracted/level_3/patient_image_000714_2a0bebba.jpg,data/extracted/level_3,jpg,473329
data/extracted/level_3/patient_image_000715_04dfe2d5.jpg,data/extracted/level_3,jpg,523117
data/extracted/level_3/patient_image_000719_5f79abc8.jpg,data/extracted/level_3,jpg,483833
data/extracted/level_3/patient_image_000722_09368cb5.jpg,data/extracted/level_3,jpg,505347
data/extracted/level_3/patient_image_000725_859e2484.jpg,data/extracted/level_3,jpg,466123
data/extracted/level_3/patient_image_000727_83039a94.jpg,data/extracted/level_3,jpg,532203
data/extracted/level_3/patient_image_000732_4e661c5a.jpg,data/extracted/level_3,jpg,551530
data/extracted/level_3/patient_image_000739_0dd0bdeb.jpg,data/extracted/level_3,jpg,553986
data/extracted/level_3/patient_image_000740_debbb81a.jpg,data/extracted/level_3,jpg,639954
data/extracted/level_3/patient_image_000745_d898a6cb.jpg,data/extracted/level_3,jpg,548785
data/extracted/level_3/patient_image_000746_9af78966.jpg,data/extracted/level_3,jpg,486563
data/extracted/level_3/patient_image_000750_1ba51eb5.jpg,data/extracted/level_3,jpg,606197
data/extracted/level_3/patient_image_000753_af43a7c5.jpg,data/extracted/level_3,jpg,579733
data/extracted/level_3/patient_image_000754_959252bf.jpg,data/extracted/level_3,jpg,565101
data/extracted/level_3/patient_image_000756_5c31e47b.jpg,data/extracted/level_3,jpg,579211
data/extracted/level_3/patient_image_000760_2cccafd9.jpg,data/extracted/level_3,jpg,498092
data/extracted/level_3/patient_image_000763_21c07b11.jpg,data/extracted/level_3,jpg,505265
data/extracted/level_3/patient_image_000782_fe4c6b59.jpg,data/extracted/level_3,jpg,518204
data/extracted/level_3/patient_image_000783_c6b9df72.jpg,data/extracted/level_3,jpg,474097
data/extracted/level_3/patient_image_000786_2d07f4a7.jpg,data/extracted/level_3,jpg,513352
data/extracted/level_3/patient_image_000791_436decf6.jpg,data/extracted/level_3,jpg,576102
data/extracted/level_3/patient_image_000792_da93de87.jpg,data/extracted/level_3,jpg,440794
data/extracted/level_3/patient_image_000800_c80d84c5.jpg,data/extracted/level_3,jpg,528519
data/extracted/level_3/patient_image_000802_babf562c.jpg,data/extracted/level_3,jpg,542236
data/extracted/level_3/patient_image_000804_e1a775f6.jpg,data/extracted/level_3,jpg,485317
data/extracted/level_3/patient_image_000810_4aa8287f.jpg,data/extracted/level_3,jpg,440052
data/extracted/level_3/patient_image_000811_f5895c67.jpg,data/extracted/level_3,jpg,493567
data/extracted/level_3/patient_image_000813_ad646fe1.jpg,data/extracted/level_3,jpg,497640
data/extracted/level_3/patient_image_000816_313b09d7.jpg,data/extracted/level_3,jpg,494275
data/extracted/level_3/patient_image_000821_2b12cd2f.jpg,data/extracted/level_3,jpg,510233
data/extracted/level_3/patient_image_000840_75542550.jpg,data/extracted/level_3,jpg,462951
data/extracted/level_3/patient_image_000841_893fdde5.jpg,data/extracted/level_3,jpg,461141
data/extracted/level_3/patient_image_000848_8cf56b98.jpg,data/extracted/level_3,jpg,503341
data/extracted/level_3/patient_image_000852_74a5a273.jpg,data/extracted/level_3,jpg,505298
data/extracted/level_3/patient_image_000858_f3bfe969.jpg,data/extracted/level_3,jpg,553324
data/extracted/level_3/patient_image_000862_9baaaf10.jpg,data/extracted/level_3,jpg,485872
data/extracted/level_3/patient_image_000866_1423c747.jpg,data/extracted/level_3,jpg,519964
data/extracted/level_3/patient_image_000868_0dc83ef9.jpg,data/extracted/level_3,jpg,522911
data/extracted/level_3/patient_image_000872_e7b5ae4d.jpg,data/extracted/level_3,jpg,531789
data/extracted/level_3/patient_image_000875_2bb035cf.jpg,data/extracted/level_3,jpg,545310
data/extracted/level_3/patient_image_000877_b1ceecdc.jpg,data/extracted/level_3,jpg,434089
data/extracted/level_3/patient_image_000879_36664244.jpg,data/extracted/level_3,jpg,674050
data/extracted/level_3/patient_image_000882_b7d0c270.jpg,data/extracted/level_3,jpg,565019
data/extracted/level_3/patient_image_000883_27fe38a5.jpg,data/extracted/level_3,jpg,524665
data/extracted/level_3/patient_image_000885_948ef462.jpg,data/extracted/level_3,jpg,528282
data/extracted/level_3/patient_image_000886_0c0d306d.jpg,data/extracted/level_3,jpg,579495
data/extracted/level_3/patient_image_000887_be059b53.jpg,data/extracted/level_3,jpg,539042
data/extracted/level_3/patient_image_000890_713ba732.jpg,data/extracted/level_3,jpg,445695
data/extracted/level_3/patient_image_000891_45af6884.jpg,data/extracted/level_3,jpg,457201
data/extracted/level_3/patient_image_000892_e5a9e87b.jpg,data/extracted/level_3,jpg,520807
data/extracted/level_3/patient_image_000893_ccf31a18.jpg,data/extracted/level_3,jpg,632207
data/extracted/level_3/patient_image_000899_4252589f.jpg,data/extracted/level_3,jpg,496574
data/extracted/level_3/patient_image_000902_8fe039b3.jpg,data/extracted/level_3,jpg,434493
data/extracted/level_3/patient_image_000903_f7742c28.jpg,data/extracted/level_3,jpg,447231
data/extracted/level_3/patient_image_000904_89d0531b.jpg,data/extracted/level_3,jpg,512865
data/extracted/level_3/patient_image_000905_aa2ae462.jpg,data/extracted/level_3,jpg,469969
data/extracted/level_3/patient_image_000906_05b770d1.jpg,data/extracted/level_3,jpg,591695
data/extracted/level_3/patient_image_000907_ae7c6e8e.jpg,data/extracted/level_3,jpg,545986
data/extracted/level_3/patient_image_000908_766c56d1.jpg,data/extracted/level_3,jpg,451776
data/extracted/level_3/patient_image_000913_095ba72f.jpg,data/extracted/level_3,jpg,480452
data/extracted/level_3/patient_image_000915_08d9efeb.jpg,data/extracted/level_3,jpg,498909
data/extracted/level_3/patient_image_000918_7fe4102e.jpg,data/extracted/level_3,jpg,524047
data/extracted/level_3/patient_image_000919_6041eb11.jpg,data/extracted/level_3,jpg,643065
data/extracted/level_3/patient_image_000920_27b10293.jpg,data/extracted/level_3,jpg,506509
data/extracted/level_3/patient_image_000921_3ef89be2.jpg,data/extracted/level_3,jpg,484731
data/extracted/level_3/patient_image_000923_06d8f7f4.jpg,data/extracted/level_3,jpg,533135
data/extracted/level_3/patient_image_000925_a86ca7cd.jpg,data/extracted/level_3,jpg,544787
data/extracted/level_3/patient_image_000926_3d3023d0.jpg,data/extracted/level_3,jpg,500126
data/extracted/level_3/patient_image_000927_f25a03f1.jpg,data/extracted/level_3,jpg,571415
data/extracted/level_3/patient_image_000929_b456167d.jpg,data/extracted/level_3,jpg,527350
data/extracted/level_3/patient_image_000932_0552ad9c.jpg,data/extracted/level_3,jpg,467043
data/extracted/level_3/patient_image_000934_34fc5702.jpg,data/extracted/level_3,jpg,529055
data/extracted/level_3/patient_image_000936_75644305.jpg,data/extracted/level_3,jpg,483523
data/extracted/level_3/patient_image_000937_11903f79.jpg,data/extracted/level_3,jpg,500369
data/extracted/level_3/patient_image_000940_198a6c6c.jpg,data/extracted/level_3,jpg,448054
data/extracted/level_3/patient_image_000942_c3c3e895.jpg,data/extracted/level_3,jpg,441636
data/extracted/level_3/patient_image_000943_2b5ab9e7.jpg,data/extracted/level_3,jpg,495683
data/extracted/level_3/patient_image_000944_a3249312.jpg,data/extracted/level_3,jpg,459436
data/extracted/level_3/patient_image_000945_21f7d851.jpg,data/extracted/level_3,jpg,471572
data/extracted/level_3/patient_image_000946_cdaa5ec8.jpg,data/extracted/level_3,jpg,502723
data/extracted/level_3/patient_image_000947_2a160f96.jpg,data/extracted/level_3,jpg,528305
data/extracted/level_3/patient_image_000953_280dea9c.jpg,data/extracted/level_3,jpg,543528
data/extracted/level_3/patient_image_000954_3f49f532.jpg,data/extracted/level_3,jpg,454358
data/extracted/level_3/patient_image_000956_44fc0f54.jpg,data/extracted/level_3,jpg,492944
data/extracted/level_3/patient_image_000958_567fd642.jpg,data/extracted/level_3,jpg,595149
data/extracted/level_3/patient_image_000959_5b25236e.jpg,data/extracted/level_3,jpg,613372
data/extracted/level_3/patient_image_000960_c07b9ae8.jpg,data/extracted/level_3,jpg,496954
data/extracted/level_3/patient_image_000961_8e8fba7e.jpg,data/extracted/level_3,jpg,458213
data/extracted/level_3/patient_image_000962_e08a6c00.jpg,data/extracted/level_3,jpg,437632
data/extracted/level_3/patient_image_000963_ab22a961.jpg,data/extracted/level_3,jpg,679088
data/extracted/level_3/patient_image_000964_b93724df.jpg,data/extracted/level_3,jpg,553352
data/extracted/level_3/patient_image_000966_6c11540b.jpg,data/extracted/level_3,jpg,641418
data/extracted/level_3/patient_image_000968_4abfef05.jpg,data/extracted/level_3,jpg,448415
data/extracted/level_3/patient_image_000971_2549da02.jpg,data/extracted/level_3,jpg,503403
data/extracted/level_3/patient_image_000973_32bcd5ac.jpg,data/extracted/level_3,jpg,478897
data/extracted/level_3/patient_image_000975_01461997.jpg,data/extracted/level_3,jpg,507317
data/extracted/level_3/patient_image_000977_47673eae.jpg,data/extracted/level_3,jpg,728290
data/extracted/level_3/patient_image_000979_83788988.jpg,data/extracted/level_3,jpg,471835
data/extracted/level_3/patient_image_000981_4b6907de.jpg,data/extracted/level_3,jpg,682980
data/extracted/level_3/patient_image_000983_2d374442.jpg,data/extracted/level_3,jpg,660393
data/extracted/level_3/patient_image_000984_2be05c0e.jpg,data/extracted/level_3,jpg,510130
data/extracted/level_3/patient_image_000991_f7b251fe.jpg,data/extracted/level_3,jpg,441728
data/extracted/level_3/patient_image_000998_f7bedb65.jpg,data/extracted/level_3,jpg,457731
data/extracted/level_3/patient_image_001002_1ab89507.jpg,data/extracted/level_3,jpg,496498
data/extracted/level_3/patient_image_001004_d0129a16.jpg,data/extracted/level_3,jpg,523343
data/extracted/level_3/patient_image_001006_a96c349d.jpg,data/extracted/level_3,jpg,491631
data/extracted/meta_data.csv,data/extracted,csv,68634
data/raw/BRAR-anchored_multimodal_dataset.zip,data/raw,zip,467619532
